"","investment","mkr_1d","mkr_7d","gov_6m","reer","neer","oil","rts","CPI_Q_CHI","GDPEA_Q_DIRI","EMPLDEC_Q","UNEMPL_Q_SH","CONSTR_Q_NAT","WAG_Q","CONI_Q_CHI","CTI_Q_CHI","AGR_Q_DIRI","RTRD_Q_DIRI","HHI_Q_DIRI","M0_Q","M2_Q","CBREV_Q","CBEX_Q","FBREV_Q","FBEX_Q","RDEXRO_Q","RDEXRM_Q","LIAB_T_Q","LIAB_UNP_Q","LIAB_S_Q","LIAB_B_Q","DBT_T_Q","DBT_UNP_Q","EX_T_Q","IM_T_Q","PPI_EA_Q","invest2gdp"
"1992 Q1",NA,NA,NA,NA,NA,NA,NA,NA,NA,NA,NA,NA,NA,NA,NA,NA,NA,NA,NA,NA,NA,NA,NA,NA,NA,NA,NA,NA,NA,NA,NA,NA,NA,NA,NA,NA,NA
"1992 Q2",NA,NA,NA,NA,NA,NA,NA,NA,NA,NA,NA,NA,NA,NA,NA,NA,NA,NA,NA,NA,NA,NA,NA,NA,NA,NA,NA,NA,NA,NA,NA,NA,NA,NA,NA,NA,NA
"1992 Q3",NA,NA,NA,NA,NA,NA,NA,NA,NA,NA,NA,NA,NA,NA,NA,NA,NA,NA,NA,NA,NA,NA,NA,NA,NA,NA,NA,NA,NA,NA,NA,NA,NA,NA,NA,NA,NA
"1992 Q4",NA,NA,NA,NA,NA,NA,NA,NA,NA,NA,NA,NA,NA,NA,NA,NA,NA,NA,NA,NA,NA,NA,NA,NA,NA,NA,NA,NA,NA,NA,NA,NA,NA,NA,NA,NA,NA
"1993 Q1",NA,NA,NA,NA,NA,NA,NA,NA,NA,NA,NA,NA,NA,NA,NA,NA,NA,NA,NA,2.15948424935337,1.88939793879197,NA,NA,NA,NA,NA,NA,NA,NA,NA,NA,NA,NA,NA,NA,NA,NA
"1993 Q2",NA,NA,NA,NA,NA,NA,NA,NA,NA,NA,NA,NA,NA,NA,NA,NA,NA,NA,NA,2.32238772029023,2.03470564783844,NA,NA,NA,NA,NA,NA,NA,NA,NA,NA,NA,NA,NA,NA,NA,NA
"1993 Q3",NA,NA,NA,NA,NA,NA,NA,NA,NA,NA,NA,NA,NA,NA,NA,NA,NA,NA,NA,2.23359222150709,1.56766849955781,NA,NA,NA,NA,NA,NA,NA,NA,NA,NA,NA,NA,NA,NA,NA,NA
"1993 Q4",NA,NA,NA,NA,NA,NA,NA,NA,NA,NA,NA,NA,NA,NA,NA,NA,NA,NA,0.0648509723196163,2.05713578416554,1.62860782854182,NA,NA,NA,NA,NA,NA,NA,NA,NA,NA,NA,NA,NA,NA,NA,NA
"1994 Q1",NA,NA,NA,NA,NA,NA,NA,NA,-0.299390561716681,NA,NA,NA,-0.0487901641694321,-0.0408219945202552,NA,NA,-0.139262067333508,NA,0.0870113769896297,1.81080766419875,1.49368769292714,1.36609165380237,1.58853122761479,1.16315080980568,1.47223679092062,0.945278268747407,NA,NA,NA,NA,NA,NA,NA,NA,NA,-0.296536040769036,NA
"1994 Q2",NA,NA,NA,NA,0.0504772120811668,-0.135915582387908,0.279345533076014,NA,-0.318824719807635,NA,NA,NA,-0.100804699121966,-0.162518929497775,NA,NA,-0.1395396036889,NA,0.122208574794258,1.54044504094715,1.32566973930346,1.5946956306969,1.7432778994138,1.70707638199802,1.9712279570396,0.629865730612425,NA,NA,NA,NA,NA,NA,NA,NA,NA,-0.264601063755751,NA
"1994 Q3",NA,NA,NA,NA,-0.0396592788024164,-0.196629527052694,-0.0213449118962966,NA,-0.462312499303157,NA,NA,NA,-0.0563529365511316,-0.0618481712912681,NA,NA,-0.105247258961403,NA,0.177273097248112,1.27296567581289,1.26420705165675,1.10543825373851,1.31089634363568,0.874399790164995,1.25033872488386,0.773189888233482,NA,NA,NA,NA,NA,NA,NA,NA,NA,-0.465401217644284,NA
"1994 Q4",NA,NA,NA,NA,0.0528092525535965,-0.360172907029021,-0.0386377927054139,NA,-0.0251059211310764,NA,NA,NA,-0.0581819553827358,-0.109147691807231,NA,NA,-0.150952293126309,NA,0.12906972031769,1.00954822536074,1.09861228866811,1.65550327927735,1.30141973708,2.54160199346455,1.42352370288825,1.04380405217311,1.04380405217311,NA,NA,NA,NA,NA,NA,NA,NA,-0.0695102629050926,NA
"1995 Q1",NA,NA,NA,185,-0.0465880590466158,-0.381732845249619,0.0588405000229334,NA,0.0190885965625228,-0.0618754037180875,0.116604485136939,0.162518929497775,0.0723206615796261,-0.340438424891092,-0.0679506619085078,-0.232021225346227,-0.116921338058902,-0.0954101848046582,-0.0523903872019237,0.797563854713065,0.998941002954772,1.23065447774116,0.877520621409584,1.43805629567848,0.777704568588008,1.02961941718116,1.02961941718116,1.19648213259678,1.52010104624443,1.31489474960237,1.71171676155452,1.11112362255722,1.29661682372402,0.358945092473272,0.170451981238571,0.0425596144187959,-0.10745769869855
"1995 Q2",NA,NA,NA,120,0.182285913159013,-0.0220650400648879,-0.0661398025045451,NA,0.0194023871467503,-0.0529932014839795,0.144294161204715,0.114775514592428,0.154150679827258,-0.311381170027084,-0.155292884406035,0.100083458556983,-0.116870377018607,-0.0572178933938695,-0.115069329784787,0.841277372605621,0.968382318652641,0.901327859197443,0.821671458047742,0.769246524098592,0.63619882868905,0.824792373316856,0.824792373316856,1.0823056529704,1.24984325839203,1.011255189981,1.42816843359095,1.02379947607027,1.06626445480259,0.174584574291802,0.187816076111595,0.0446227875237913,-0.130212357658811
"1995 Q3",NA,NA,NA,100,0.232121132324813,0.101766573208226,-0.016000341346441,NA,-0.0332937280994635,-0.0485921980554197,0.1395412161851,0.1221026968009,0.0699585886069105,-0.321107511876684,-0.00809721023261936,0.0176995770994009,-0.0618994998133164,-0.0910599655156301,-0.208958916322253,0.824175442966349,0.846149754635372,1.03945107023319,0.580059430081237,1.3591924313421,0.481766696566097,0.55078570848715,0.537093550586601,1.05497984273668,1.15119583014099,0.935184681234117,1.26566637333128,0.973609005038239,0.93835182474461,0.0923733201310151,0.234281295724666,-0.00902015135938378,0.000410097026068909
"1995 Q4",NA,NA,NA,140,0.0841104657679067,-0.0302614511049668,0.128478324773131,-0.0375169731022844,-0.305661070220815,-0.0416548187374165,0.0186921330121525,0.154150679827258,-0.00461894585629442,-0.168395883847439,-0.0401660417253348,-0.135955636236029,-0.083381608939051,-0.0357516909638428,-0.21005007456719,0.794664704938604,0.813739206827384,0.657032144569867,0.733926484734616,0.663850811071514,0.681451140796754,0.267766762750839,0.267766762750839,1.02222608228282,0.994821808097851,0.770282909442173,1.16278524591932,0.892591238468764,0.744607573285256,0.212093715127625,0.259708220409375,-0.250508220437178,0.250439985217474
"1996 Q1",-0.00570339185909457,20.8267741935484,31.2377419354839,95,0.0525071585513735,-0.0260760652565102,0.0572493353293054,-0.0920232576996407,-0.260964684113068,-0.0222673643943404,-0.0818787737631095,0.139761942375159,0.0229895182246988,0.115861555200024,-0.0729067708080878,-0.364897923119164,-0.0530628449752116,0.0462199406138864,0.0152508402524669,0.898570919847245,0.812211446372377,0.406954311659632,0.590710643593554,0.396523170732503,0.596755334884879,-0.0102565001671892,-0.00819676720417852,0.994457766013263,0.952245408870051,0.837165560679716,1.10782894377303,0.863906193828344,0.772837775553787,0.076372978784574,0.202026627873287,-0.373775597151182,0.0793892242171288
"1996 Q2",-0.39665727666273,22.6040677966102,35.1196774193548,99,0.0145612851188206,-0.0213582779541952,-0.0260975145105528,0.992904015917555,-0.172601139248627,-0.0345117345700103,-0.196373310249605,0.145507583671238,0,0.134681038277108,-0.118783535989967,-0.326993492666669,-0.0496526049300905,0.0127661308230355,-0.0330608622608882,0.637266722165489,0.533377579983271,0.287933297173615,0.474268028032193,0.335548164477835,0.53805087418468,0.118272392162356,0.118272392162356,0.88477719694157,0.905413070598213,0.825121344735862,0.85582382632648,0.780033370887156,0.811031682402809,0.0566188939995079,0.163887855105117,-0.234684687836294,0.0729977988229183
"1996 Q3",-0.22960315069007,19.6059375,29.3842424242424,65,-0.0657702479796285,-0.0603828968133795,0.20489233761598,-0.207191033110796,-0.133531392624523,-0.0566057338594665,-0.275250468109636,0.108802859848799,-0.278713402469021,0.134770903009179,-0.130053128248198,-0.0822380982369721,-0.0779615414697118,-0.0143005501421963,-0.042122303002372,0.341056533043156,0.429115817893699,0.053856166205226,0.227518453126338,-0.13825209375946,0.189293696591005,0.180101800055642,0.184171696082116,0.790846847761652,0.84498848249442,0.786510887730247,0.772651819885822,0.667167224753104,0.751332351785208,0.0663750689448728,0.0732034040232949,-0.143227578321788,-0.0127249694956537
"1996 Q4",-0.243571903782632,16.7860606060606,23.4669696969697,51,0.0204180447949855,-0.0109237824786963,0.0255224402124256,0.189248234071928,-0.0772442670815181,-0.0315414945289165,-0.221161390110218,0.08426034361774,-0.263290619327622,0.125148262112345,-0.150060694575733,-0.023576730563997,-0.00963708068838773,-0.0135006872189026,0.0819171224678866,0.250489005204739,0.298492988555997,0.313167829556722,0.0792542506430189,0.335506519501254,-0.0101352218940431,0.180883742024327,0.179083561520179,0.707214622545973,0.784742388036385,0.710892723047417,0.654949709711994,0.630157846409203,0.722860077878457,0.129077042275142,-0.0716559889064352,-0.0530603746286343,0.0186081636804567
"1997 Q1",-0.0563808499509267,16.4683333333333,19.1926666666667,40,0.0668635776331948,0.0381276508212711,-0.205864054036151,0.407292199389632,-0.0436669466524864,-0.0040329227912975,-0.115652201694374,0.112940411180596,-0.0953101798043249,0.0277759916322795,-0.144394504881894,-0.106380403558572,-0.0603692048468458,0.0300074247739977,0.0402596742857004,0.193409416517113,0.266328947981212,0.108925581822322,0.143317094925508,0.107752861296446,0.163039627244504,0.166736825777257,0.164677092814246,0.609955010218164,0.713022696809836,0.653240688349718,0.615268287133588,0.550554932678183,0.64360395953877,-0.00491401480242893,-0.075985906977922,-0.046956983087771,0.0498958775259432
"1997 Q2",-0.0384761783499797,13.4690322580645,15.7509677419355,24,0.0142834276288039,-0.00623336405574907,-0.0459304798772139,0.328881028770626,-0.0201832896532696,-0.00811122167296059,0.0156009404424798,0.117783035656384,-0.216671036808592,0.0342589498210153,-0.115420962683668,-0.0384662808277961,-0.0333364202675919,0.033267100982939,0.0864860289344685,0.271021056845865,0.30834870926034,0.173237467073612,0.108546923027234,0.0799241751065749,0.0713447761430258,0.123204278468673,0.121472676304395,0.501070316679934,0.638940362723518,0.607787331608789,0.623052591719682,0.272467565821548,0.513581562934324,-0.0712890837473017,0,-0.0299394645986343,-0.0426307761338233
"1997 Q3",0.0598658871624755,9.75238805970149,11.0229850746269,24,0.014197841193589,0.0232526956842243,0.0724086051450404,0.174455620172154,-0.00298062813813779,0.0276341439572202,0.130620182417064,0.116636903725761,0.0855221734381619,0.0391801505956711,-0.0591211230077974,-0.0477906638363486,0.0761526775456857,0.0373592158931699,0.0561085449771118,0.338104405542049,0.305657169597008,0.273524575606562,0.269211666823552,0.218717366408648,0.20359895524124,0.0817506500186926,0.079900510730531,0.413264451128594,0.514216185978806,0.456271191767441,0.496951566404794,0.338362925544262,0.420013338373457,-0.0138570346614262,0.0791373205587238,-0.0447110426379708,0.100980509555241
"1997 Q4",-0.226240493991064,16.9244615384615,16.8647692307692,38,0.0225088051840469,0.0127562849124718,-0.186147963637615,-0.227859521421929,-0.0271334475144001,0.0354272581126075,0.249846538109077,0.123379021160505,-0.012121360532345,0.0543021560769478,-0.0192313619278876,-0.00298656269774897,0.00193486032629537,0.0837698830654587,0.0358659131884969,0.228140678760764,0.260521536709744,0.234863640233878,0.282938230538424,0.129416658512063,0.129597519070147,0.0694723728147674,0.0729489996461675,0.334331841813024,0.426242973780449,0.37806613392005,0.461779016461418,0.263316418788414,0.343709903921443,-0.0317486983145803,0.191800300748498,-0.0419778566629326,-0.235980863665069
"1998 Q1",-0.0814469213329729,21.0726229508197,19.8549180327869,35,0.011123085300024,-0.00617307561643912,-0.147113353106682,-0.198221112008482,-0.022084430910294,-0.0150759389067492,0.348982598315577,0.118861202876729,0.048790164169432,0.111719455689888,-0.000971345389631781,0.0301530381706875,-0.00435098583432615,-0.00306278953054577,-0.0935464194259424,0.124100176057645,0.164283232239221,0.0679246855210424,0.0174159748558094,0.0858159195848561,0.0212640907534416,0.0642112424568558,0.0609325509951573,0.559860450338508,0.542286151919223,0.510748071321111,0.492476485097794,0.503053376784853,0.495724665664394,-0.125820173201032,0.157903029445809,-0.0292703823001132,-0.0903668906963565
"1998 Q2",-0.0577647564405489,32.5664516129032,23.7883870967742,35,-0.00965540228183599,-0.0101132403682005,-0.0636973602860674,-0.765767426180896,-0.0196084713883763,-0.0100404641364644,0.28147087235914,0.0628009012390302,-0.138150338480817,0.0786648974483198,0.00705292596188608,-0.136336443552131,0.00888105304396049,-0.0133815686958314,-0.130508166465876,-0.0532559280244135,0.0460808696376258,-0.023077947282545,-0.00905465573783991,-0.0450985512875153,-0.0409076439571623,0.0701456093667598,0.0767042522793538,0.552117339004096,0.493576762010715,0.470209878601937,0.454335147672024,0.643154045920583,0.470033983326085,-0.0874593053285861,0.011560822401076,-0.027834798993444,-0.0996598749900581
"1998 Q3",-0.0979219419082452,56.295303030303,28.7981818181818,0,-0.533531830603349,-0.890789685534566,0.0927249684862871,-1.23973293364192,0.358265717787816,-0.0921152889078056,0.126812442375778,0.0622423088772208,-0.0678225963387611,-0.0921152889078058,0.0146272720091704,0.222144050981126,-0.249978998267894,0.00494316379751951,-0.195503293496019,0.133716697915519,0.00768390169191453,-0.182784091492303,-0.218791822956812,-0.207736863925204,-0.276943714230648,1.0088045761605,0.998798238760774,0.531922654779307,0.492786315051296,0.500401106430106,0.376002350151841,0.517019895305972,0.48391942131421,-0.113142656099881,-0.317095957658074,0.0428080924918847,-0.0750981775072374
"1998 Q4",-0.246918237528751,23.7204615384615,25.465,0,-0.12939082704787,-0.333963584786534,-0.332257697040485,0.296488197024015,0.191610306053876,-0.0954556237722926,-0.117140568560722,0.133531392624523,-0.0629138254105692,-0.354412328899999,0.00580834159574696,0.0362252041734828,-0.152112380564455,-0.133531392624523,-0.270072305351463,0.36477091728161,0.180939509807293,-0.0252549129246761,-0.0576200459273794,-0.0657843449580295,0.0416270395120772,1.24264483832978,1.24096839200253,0.581737135985491,0.493069772073266,0.528828382105127,0.338863152284986,0.591625745072957,0.520135300784057,-0.282320129310396,-0.813291492402008,0.154008239829866,-0.205926445929941
"1999 Q1",-0.0429867621343632,17.4229032258065,17.4967741935484,30.7,0.00806719735356105,-0.132780022634472,0.369695224112616,0.310166241096912,0.118861202876729,-0.0191420184035919,-0.0613005258637957,0.180883742024327,-0.0240975515790606,-0.496040004664458,0.00967125526517789,0.0331091586072789,-0.028004777805115,-0.134408201098057,-0.302616296019908,0.379666370412889,0.273570765990502,0.356924289408171,0.266393535108026,0.382169545504642,0.292928188479895,1.37559907200314,1.37805029134481,0.317411865299317,0.293597374373223,0.325913464373266,0.185263353410161,0.329811947835228,0.287470722984652,-0.156947884448319,-0.670924043775235,0.147053417956497,-0.194914131528163
"1999 Q2",-0.00624779158144181,7.57475409836066,10.7188524590164,16,0.0794913153940961,0.0152161948825446,0.13884859603926,0.446983724042868,0.0605081327953934,0.0305688866731925,0.153482900169722,0.130265194837901,0.0183491386681964,-0.428198989346114,0.0489813870402699,0.144148983288925,-0.00176991196645836,-0.112872830675293,-0.243659934920374,0.511133742702337,0.431881064940958,0.584683425663651,0.465848405788391,0.715950669577522,0.561754826184172,1.3626294460739,1.35738943815061,0.309557765837316,0.258789778209202,0.276900296848493,0.19471965935959,0.350014494329238,0.258187769571905,-0.0840831172105414,-0.54393478237327,0.112392187021507,-0.157005723581094
"1999 Q3",0.0378553226126519,7.33074626865672,6.81686567164179,45,-0.00967359417837833,-0.0542297328684814,0.297626748811464,-0.413214917198629,-0.308765074014785,0.107988638064096,0.38960973631837,0.0422003544903765,0.0344861760711694,-0.277765177673123,0.0915187896434898,-0.180084061853763,0.0553918192447388,-0.112618878108149,-0.138195016242469,0.32210229633826,0.490500169825244,0.768320313393525,0.679646493341043,0.919094908816843,0.772059538218457,0.445116536015299,0.453925985181178,0.303530149564854,0.233072254606944,0.207604278084869,0.250114668089002,0.330579717912454,0.220851821753708,-0.0157483569681392,-0.343962908350371,0.082238098236972,-0.164199906303036
"1999 Q4",0.191320840447519,9.1865625,12.012380952381,45,-0.00446519921919953,-0.0347810319719355,0.0616718206554951,0.745985238836733,-0.170229511028926,0.113328685307003,0.611899508287066,-0.0317486983145803,0.0689928714869514,0.0419002136959382,0.0734872610747909,0.0143200537747485,0.0674412807955325,0.0222007099801926,0.0383099662779429,0.350371840970446,0.452309529171583,0.60830611683297,0.543237589036781,0.710226247389084,0.500038032636993,0.268121546597287,0.268121546597287,0.251127130980397,0.141370428725644,0.122295808679971,0.201678135100985,0.260402420922564,0.117869634487353,0.261952826485962,0.138836444854216,-0.0436750635026615,-0.0110095745341121
"2000 Q1",0.195192727758668,7.22147540983607,7.55172413793103,40,0.000610066109414312,-0.0275146441652747,-0.0124374722634517,0.279949410843827,-0.110161293001183,0.107888962011185,0.572666544130913,-0.138683387533951,0,0.196377641738446,0.0377759741589073,0.0967024529147117,0.0381277854365635,0.077610602704924,0.143512281622203,0.367813142765651,0.461152841415183,0.757085608937903,0.557951516426385,0.912016740439503,0.569982654613756,0.16297374747506,0.168708344759193,0.230167395182696,0.124326439516544,0.100427305892155,0.202538251983989,0.25032671892101,0.0719224168013253,0.446025630539075,0.0943106794712414,-0.055350095083165,0.0106511915267436
"2000 Q2",0.196837286499284,6.15573770491803,6.06779661016949,20,0.0704419802679297,0.0237153324099382,0.210385892401475,-0.302219990307853,-0.0178660135293907,0.0971460178000068,0.484428151914966,-0.211758229089084,0.0357180826020792,0.174440238225293,0.0273472959368949,-0.0186554256615014,0.0166890127298496,0.0823602058138988,0.166083995662271,0.396801687585956,0.452097212517484,0.63339180498118,0.368989671810156,0.73201818222164,0.266862444669391,0.147522652248845,0.147222861018738,0.233773757528575,0.161831193061277,0.143507265105321,0.177488961955746,0.236800493565879,0.10041277405816,0.399599988655766,0.0292703823001132,-0.0489253084361421,0.15591805312472
"2000 Q3",0.141948127331362,3.4202380952381,5.38309523809524,15,0.0962054350118361,0.0648743357710512,-0.0241693605671831,0.149706747826674,-0.0133462419528945,0.0997782175668528,0.336689651558475,-0.200670695462151,0,0.184195513426601,-0.0359751024582779,0.139262067333508,0.0953768264770144,0.0886656370856563,0.173743783091429,0.500433465998376,0.507539346035637,0.491850462200685,0.362258034942244,0.539048355849502,0.335855143111967,0.101165124427724,0.10236201266157,0.221852674889601,0.122807266032897,0.145227211392042,0.151144966713765,0.238004361936683,0.0834359922325166,0.341749293722057,0.155653309711793,-0.0624354709407925,0.181304873921448
"2000 Q4",0.152310958824016,7.06015873015873,8.39492063492063,17,0.0283333907687777,-0.0156506543127698,-0.223227334984821,-0.328836205261842,0.0124225199985571,0.0788111804242896,0.283362411307265,-0.235314086934465,-0.122338852192244,0.140873252422571,-0.00539569654385209,0.0317190770227937,0.0242478107764582,0.0850967041882607,0.092406818163009,0.452837246432109,0.484776194990692,0.443965834576438,0.380655452606802,0.428373598905034,0.333990075868059,0.0420656652855125,0.0420656652855125,0.204271583604949,0.132309320795269,0.127207792675752,0.180635460868469,0.231843607705791,0.0924616092575875,0.180261823830944,0.215708572826692,-0.0645385211375712,0.177401542476448
"2001 Q1",0.0673807496850662,8.56163934426229,8.79016949152542,17,0.0486467710090401,-0.0123683435494017,0.035798926613603,0.167746362041807,0.0312673505315199,0.0460033532622527,0.209764333956298,-0.19062035960865,-0.0246926125903714,0.181198592049331,-0.01965435283989,-0.116045415757843,0.0142859572474764,0.0689928714869514,0.0746807645321509,0.462520431441921,0.425144211063368,0.341332749738326,0.299947548466482,0.36027530786391,0.339079800028294,0.0104859401911397,0.00488316282507176,0.240862401418352,0.114242549334358,0.109256909983734,0.195767423563765,0.316254758783606,0.168197335976306,0.0687138925480519,0.122217632724249,-0.0557247218381,0.109840049367621
"2001 Q2",0.102278607823064,9.53283333333333,11.0725423728814,16.5,0.0635820409116142,0.0253573727004812,0.0527473700941103,0.243170626544617,-0.00094921696733227,0.0487947610357481,0.173019164131641,-0.163629423781802,0,0.142052782457749,-0.0534989073390383,0.0744618667676006,0.0291866210865319,0.105360515657826,0.0709679856980707,0.388752790998989,0.372034964754228,0.280220967778003,0.298994671450521,0.323496798089079,0.371063681390832,0.0363803673837406,0.0357180826020792,0.215636742864688,0.0330339124757092,0.0400903169135307,0.14960163471194,0.305358601650729,0.11524680454984,0.0270809586026706,0.268263986594679,-0.0162139937348193,0.0850429231476024
"2001 Q3",0.100471971415021,7.30140625,9.5834375,16.25,-0.0328296960262099,-0.0400683159197234,-0.114433589967934,-0.181442761149877,-0.0302020032928409,0.058340825038083,0.21177482370745,-0.140772553881082,0.112117298120706,0.181846610216516,-0.0652713903532239,-0.043429557927336,0.104326992753313,0.104451011274986,0.105942418496475,0.413975797776073,0.354334440065733,0.285514797443278,0.348849859344133,0.361057341709671,0.436147688644431,0.0577588341521925,0.0574186402383825,0.217028599315564,0.0339403177317194,0.0268550873031763,0.129156998440393,0.309536442845818,0.0969764997066537,-0.0383188643021367,0.176146373378443,-0.0606246218164349,0.0436036170967717
"2001 Q4",0.105882338585976,14.7346875,15.4514285714286,19,0.0251748744075974,-0.0105681300617922,-0.156015415360072,0.366529144054023,-0.0114614435190067,0.0439962488372572,0.188794071299572,-0.107630664192365,0.0533459807052927,0.206438531114207,-0.060399218907783,-0.00460194093336896,0.0343121449887788,0.110115462436772,0.0845854530828619,0.331827895383674,0.336834214020301,0.148551244013632,0.119980180253439,0.336762554521351,0.207425766323109,0.0679506619085078,0.0679506619085078,0.19638573978965,0.0117162344107448,0.0505304174269041,-0.0111177271537179,0.286504269371118,0.0909946612391027,-0.16799173123913,0.15323341491872,-0.0388398333162639,0.0289366469627879
"2002 Q1",0.0289909074187991,11.5820338983051,11.7830508474576,18,0.0252914403020263,-0.0183914941523158,0.264295139753627,0.299199798763489,-0.0169336125294396,0.0372808483354549,0.11295316896763,-0.162518929497775,0.182321556793955,0.158591410744433,-0.0229455573498701,0.0993856705166672,0.0457460217882038,0.0916303228459244,0.0935039025013012,0.325213732362172,0.306896035359233,0.319229225535065,0.275037966316316,0.39577470154303,0.304284556736809,0.0772571905521101,0.0795608186593121,0.107720366381159,-0.0780742234954501,-0.0330894727796045,-0.161409042277581,0.135256398761643,0.00933287155499002,-0.156105714663062,0.0886103928673115,-0.0469294322219834,-0.0176022935958035
"2002 Q2",0.018243397646518,7.02786885245902,9.77983333333333,14,-0.0369608915098167,-0.0645635709240231,-0.0132040753333774,0.008629797787418,-0.018208457065601,0.0420385016780586,0.00724265969930291,-0.143100843640673,0.115831815525122,0.179355461532818,0.0165453895967034,-0.069518702970081,0.0250639686632162,0.0758920939472232,0.0907795906300618,0.307961667481155,0.302274153429463,0.229184119400656,0.327305001272564,0.27218678394001,0.403096714278506,0.076999209803474,0.0786922685756649,0.123479474912553,-0.0905050902127436,-0.03119058179642,-0.242837842117136,0.118302764763772,-0.0958205623187356,0.00380952841666765,0.0823928850184901,0.0368139731227164,-0.0171827636864973
"2002 Q3",0.0280184790839112,8.00833333333333,9.22469696969697,14.5,-0.0124244254881773,-0.0199982376089943,0.116826971092663,-0.0573828992081869,0.000988630826939435,0.0429927002270263,-0.057003218681726,-0.150282203049338,0.100804699121966,0.153908273213219,0.0174423026633424,-0.115175472249303,-0.0292436312586788,0.0929084228835093,0.0862257281342385,0.23638877806423,0.266640697455148,0.315436812549682,0.297251523467932,0.395209477261649,0.360970153284286,0.0734274685548174,0.075031086515399,0.125638636595039,-0.121525014229081,-0.0664177392527454,-0.296539526285842,0.113001997015873,-0.102830582910493,0.121249243632869,0.172160320889773,0.045572597278853,-0.0335052064406524
"2002 Q4",0.0328704719410863,5.30903225806452,8.04709677419355,12,0.00477327875265759,-0.0296299529571912,-0.00313534484333362,0.0721967379915872,0.00191938638580367,0.0583229421622546,-0.0856792867433636,-0.0584962066816085,-0.00651468102119364,0.120920302014567,-0.0154443224274737,-0.0677416777509082,0.0696099649961979,0.0909717782057268,0.142909985733805,0.267236589244033,0.279600081274637,0.2442936961064,0.437319103707558,0.257904502761753,0.589776324934418,0.0529839679102206,0.0529839679102206,0.125216168791878,-0.111016500242714,-0.079005989594694,-0.204273004833137,0.137316562612891,-0.078858082052746,0.205095481442507,0.148804078865153,0.0196084713883763,-0.0571823206369748
"2003 Q1",0.110945459916176,3.84431034482759,5.34051724137931,5.5,0.0212773984472849,-0.0171626982474266,-0.0530210136770282,0.00350292268111985,-0.00189933580365252,0.0722859248837769,-0.0309917533083377,0.0899482366629396,0.154150679827258,0.0883724028686699,-0.0185461635924868,-0.0554435486601686,-0.00679812271382099,0.0906912339480302,0.167140999616939,0.304229164198765,0.346090451474112,0.210234655125809,0.271706468578903,0.20675254067528,0.299413212306077,0.00992802389993049,0.00832004799469551,0.115695256761692,-0.0883578158627613,-0.0452070641192641,-0.182189115233599,0.131925103698153,-0.137392974728923,0.350721182362733,0.258049970366664,0.0315297053684064,-0.0280652852678825
"2003 Q2",0.140781956023459,1.53508196721311,2.61147540983607,3.5,0.00524935588614375,-0.0209567766593936,0.0414399051194275,0.33458329470007,-0.00776702933765966,0.0863515595695497,-0.00206398422085148,0.109199291964992,0.103796793681643,0.0874182118203023,-0.00872521289087006,0.0253178079842898,-0.0301530381706876,0.0902740226244462,0.142697129464823,0.350571824526472,0.396996556307391,0.21052391645411,0.177406930584069,0.245449308828508,0.202628447805383,-0.0352844500554985,-0.0346144859788227,0.0803489705887198,-0.107305525554,-0.107017591075634,-0.160733069781318,0.151669935070058,-0.0402112201823788,0.186747741699516,0.208958916322253,-0.0572129320354099,0.0189924119194243
"2003 Q3",0.127512901645302,5.73378787878788,6.01348484848485,7,0.0164679932557791,0.015370890094581,-0.0257432879003621,0.118085312109254,-0.00594649918772642,0.0164263082659582,-0.0235526666725128,0.114775514592428,0.0402738991379399,0.0729158621166452,-0.0115943327809191,0.0688626546757772,-0.0171477311607784,0.0681080135595118,0.121937059843603,0.352757079895692,0.391724433903355,0.126913557221596,0.17173840079838,0.10580342318257,0.171902542047894,-0.033095389942132,-0.035012408783413,0.0678461098008909,-0.103973239059467,-0.0916234138341548,-0.137096458789019,0.140267639850933,-0.0433895921664907,0.188645234089995,0.218899262933883,-0.00379867503321578,0.0304366281561373
"2003 Q4",0.161829711755545,3.186875,4.00375,4.8,0.00718425493072665,-0.017385695208732,0.0886700272289068,0.00111123861611943,-0.0115719709838126,0.100938476318025,-0.0161034075665787,0,0.0447358938413915,0.124774600170824,0.00388350002639761,0.0117763873238251,0.0581175808085246,0.0729829017181524,0.135906568006646,0.407253978324946,0.415884313456332,0.116750238772841,0.0526195061448669,0.0955722991866413,-0.0186498765152097,-0.0761432510109742,-0.0809084063857689,0.0877096280774808,-0.0705941763781476,-0.0447295403503977,-0.140411738434267,0.139244155467265,-0.0243157077543797,0.234993591231706,0.20792208343025,-0.00584227562422829,0.0328182214417408
"2004 Q1",0.161599609729609,1.33366666666667,2.03933333333333,5.5,0.0536134641148538,0.0272472852260397,0.0434569025982135,0.282813474946394,-0.0162916875981858,0.0695260626486103,-0.0134066602801154,-0.021739986636406,0.0689928714869514,0.148750126647258,0.0058939266887778,-0.0390711916219022,-0.00959568706185544,0.102325611962672,0.122234553341175,0.441499140933159,0.440363320399847,0.177072701874551,0.144381408648588,0.170081925905937,-0.174702163524527,-0.0966175987950697,-0.0959158443803059,0.0681834147556646,-0.109886391625712,-0.10781812318626,-0.140994326398832,0.118972265121608,-0.0246784403551972,0.181785507464581,0.220160756557177,0.0547306389160008,0.0831358467398338
"2004 Q2",0.140405424219001,7.29377049180328,6.83883333333333,11,0.00854823901009555,-0.00848370485270007,0.0906543682681308,-0.25487767776098,-0.000975134158206207,0.0770300090316003,-0.00621763661087056,-0.083881483980702,0.0139862419747399,0.129889421936954,0.0135398586864105,0.0152674721307884,-0.0034071583216142,0.112339364075207,0.0798407894497307,0.330347313175032,0.349469163573939,0.253076707674645,0.154462449120508,0.248578999437451,0.104532854106524,-0.0444667394689687,-0.0451103072110315,0.0610198600103721,-0.145315683970226,-0.106972119552168,-0.158281937607808,0.108444728861993,-0.0318988770450141,0.30952381436683,0.232985074159001,0.0507043084080225,0.038602325339423
"2004 Q3",0.100035390966546,3.47848484848485,4.00272727272727,6,0.00328947665039871,-0.0108155932086203,0.295909007790072,0.0795995224306819,0.0118578464507835,0.0704055006242496,-0.0260758376326474,-0.114775514592428,0.123613955967177,0.116299385605775,0.0268472500361881,-0.0669114345445155,0.0430835861363117,0.11958878875895,0.0901950791375543,0.301353729721996,0.310667223397011,0.307725086380267,0.119096900429008,0.306397622997493,0.0875689149166503,-0.0464733466347677,-0.0458197518402587,0.0892187585060788,-0.159614463421015,-0.1208048380853,-0.161798900665515,0.156803915908536,-0.0363473678862193,0.329076968735056,0.243243663066016,0.0104118309249331,0.01040188436605
"2004 Q4",0.0980020937666764,1.12328125,1.69596774193548,3,0.00300587738279993,-0.0251059211310764,-0.136554500087786,-0.0281613780804406,0.00193798510267871,0.0609651467145274,-0.0307716586667537,-0.0243914531241592,0.182321556793955,0.0579388947622206,0.0239360398287296,-0.0438754320071455,0.0218776716508611,0.129866147226227,0.102830241399859,0.291250241243427,0.306116946712312,0.323676674451607,0.216947228017203,0.377011305690437,0.206346101606274,-0.0594580699051522,-0.0521735682275041,0.0990581214276536,-0.164211164018518,-0.149803476922546,-0.159494389409778,0.170483961715091,-0.0419992099866607,0.35168871132736,0.280056946940908,0.0145421854997743,-0.038651275107459
"2005 Q1",0.0603446610091191,0.986964285714286,1.65232142857143,3.25,0.058294648480996,0.0144358881182391,0.29402621617776,0.0857146232406541,0.017241806434506,0.054459917132381,-0.0711863358452328,-0.092018898720252,0.110348057168865,0.0886932464794157,0.00488520756604934,0.101563227613133,-0.00414079266603139,0.0997215462082022,0.0567353125008675,0.240039897738877,0.265740089802548,0.496058236342135,0.176100959968908,0.55241177585137,0.485954942996841,-0.0234385729720175,-0.0230629345729211,0.145862208691571,-0.142205249650667,-0.0855807615811104,-0.201535153577056,0.269957500728378,0.0577973729392631,0.274865708150705,0.239180550224027,-0.0431586679321882,-0.0368637948028953
"2005 Q2",0.0806209094820709,2.71967741935484,2.86725806451613,4.5,0.0414704328872966,0.0201939145240928,0.0234833763969979,0.0542646478819003,0,0.0585941642660528,-0.0392207131532813,-0.0645385211375712,0.0671393028376285,0.0848670800639318,0,0.000946521604030878,0.00340715832161413,0.128880857639182,0.1413761477297,0.257390888613565,0.288101583794889,0.264820686513728,0.207850867169567,0.336354596482262,0.203578092656823,-0.01247849814126,-0.0138698478641504,0.155712932744355,-0.114632622220102,-0.0599597281749187,-0.188707700596461,0.250189079562072,0.0504546730318294,0.306599231583986,0.228708019144599,-0.0178828294967719,-0.0310192002385734
"2005 Q3",0.104313178013633,2.41075757575758,2.85984848484848,4.25,-0.00272008080669352,-0.00077582866699138,0.132901471343851,0.355331988725887,-0.0118578464507836,0.0583434821200578,0.0174592213717686,-0.0273989741881145,0.0342890734786322,0.105256176346291,-0.00759737747394047,-0.00782782862024679,0.0293833277287669,0.123949550572047,0.132267968577751,0.296781001234807,0.350609638750424,0.288747044575097,0.379080713067052,0.379442113791858,0.499883077960926,-0.0249493190479485,-0.0238972410971447,0.129576767990363,-0.0773576760076205,-0.0456905911515327,-0.110492021465968,0.234974547050596,0.0562938286449655,0.277319285416234,0.250993902616076,-0.00756147270057647,-0.00305076054543223
"2005 Q4",0.130506745856339,4.4140625,4.5384126984127,5.35,0.027234998342393,0.00952674243812628,-0.0735264922710781,0.110586180756132,-0.0116846509549731,0.0749414212921187,0.0436750635026616,-0.0903840614682689,0.0557106070140059,0.134868102446926,-0.0219999308018631,-0.0300074247739977,0.00567860696884329,0.125235139786176,0.132798224899937,0.269336553503092,0.326102082919259,0.330601503149486,0.189902301501867,0.365702285924416,0.141087757907992,0.036792264431641,0.0325346941555819,0.125769079659624,-0.127719180523367,-0.0769407984260335,-0.043809892715572,0.211218907238915,0.00973136066139857,0.229385539636855,0.241041090733211,-0.059482348568717,0.0192765821169423
"2006 Q1",0.095940284277103,2.92526315789474,3.09789473684211,5.15,0.0630313618469998,0.0204606393700815,0.111091771677498,0.242841653728146,-0.0028530689824064,0.0707580970115207,0.073637317464373,-0.0621317811070063,-0.0615578929994334,0.106241115780777,-0.0127515214820315,-0.0366603413777063,0.0150998064557511,0.105635580987576,0.0952375080263778,0.263707970652272,0.321184626199305,0.147712539924391,0.183200926217162,0.156512124983447,0.204281027355646,-0.00251843989919556,-0.00575955515836688,0.0612028121366289,-0.143319088949265,-0.0776331754738889,-0.0226382050253715,0.152338321580189,-0.105275208582771,0.301838021681913,0.194857930328194,0.0161677321053404,-0.0644802020595389
"2006 Q2",0.170888431575985,2.78129032258065,3.19274193548387,4.8,0.00665203422517309,0.00434238678168751,0.109131276321368,0.0407208040265558,-0.0137526725520371,0.0774126103467822,0.0958014595980429,0,0.19948936041632,0.144673777485993,-0.0115943327809191,-0.00474159257258244,0.0126744408967279,0.12550180074355,0.144689109495176,0.302325647658196,0.364198222929788,0.635906950397595,0.672386200977159,0.257179547733304,0.288360926184877,-0.0570558318512044,-0.0611921711102269,0.0805950829620962,-0.123201283909787,-0.0753310144195942,0.0142411976775677,0.188874008238252,0.00434760241563087,0.253016556351436,0.294222498717709,-0.0201445660924673,0.0442597875339951
"2006 Q3",0.16385988709169,2.57938461538462,2.96246153846154,4.4,0.0088382294850153,0.00274599714885562,-0.162574945854566,0.0363697947246961,0.00396825917562067,0.0788373696025094,0.0935603980805373,-0.0571584138399486,0.136336443552131,0.146619891938146,0.0104315787098155,0.0692547887226027,0.00815617687756405,0.140790952637327,0.134806957234738,0.321514683967494,0.382312710933218,0.153709365301222,-0.098796401877533,0.225472343785626,-0.061054746849949,-0.0633696139325893,-0.0629274816688913,0.143334651666891,-0.114874556803538,-0.0675771926095675,-0.0162078102268533,0.189971521410909,0.00567240778204287,0.206760072063686,0.270732314348167,0,0.0400346084572167
"2006 Q4",0.194770705578025,5.1678125,5.35163934426229,5.5,-0.000557072043819696,-0.0127954913220097,-0.0262703610626055,0.215076207075333,-0.00392542211610554,0.0850841299464627,0.115881894399359,-0.0993724738132037,0.19618235758619,0.152060106418455,0.00674701354659443,-0.0352789124356783,0.0882846317418238,0.141263303265226,0.127308419142962,0.326583051192502,0.397427067022402,0.326001280470292,0.45417259690241,0.172586550777606,0.35451644476998,-0.087421957334916,-0.0860628802856834,0.13572409610682,-0.126706479822644,-0.0535107072595858,-0.334032467188973,0.2133550422468,0.0757416257741458,0.117294873576882,0.317713099708533,-0.0227282510775562,0.123009230776739
"2007 Q1",0.171212496922185,3.98210526315789,4.24350877192982,5.2,0.0322396342886336,0.00570710739146646,0.112401068686642,0.00715466392278601,-0.0153553880831945,0.0775705185281475,0.140240780404047,-0.108213584640233,0.410742165209008,0.162702814131903,0.00884526651496649,-0.0361652764680694,0.0334927487811142,0.137930735960495,0.11195211534559,0.351497732844707,0.422447628783419,0.240454521899976,0.319979371434702,0.0161648326630886,0.138620462131994,-0.0647306625542446,-0.0625669401089336,0.223747214615516,-0.105687972954864,-0.0159629630594836,-0.415532789864998,0.258076442561919,0.265378147447866,0.0556512545493773,0.326473577687283,-0.0414117910575528,0.152538315115745
"2007 Q2",0.178437803987003,3.35435483870968,3.84935483870968,4.45,0.00773947752302649,-0.00419322989460046,0.0474607024055521,-0.0198367237177635,0.0108215517431785,0.0829902607395263,0.184284265961803,-0.190353728491219,0.218879152527752,0.147921756832197,0.0144720326085345,-0.00763362485507109,0.041929693138124,0.146706075125634,0.0954205002854341,0.304212108415556,0.425864817202157,-0.0704983171672973,-0.0897818344074792,0.169789381660686,0.17119182657016,-0.0484209561165024,-0.0424627855637215,0.248784466878183,-0.0720962168427918,0.0377332773132098,-0.458307589482544,0.268620109418081,0.163793114733651,0.0800427076735366,0.307069519003651,0.0880605679982682,0.130611288948827
"2007 Q3",0.144060337330788,4.89153846153846,5.41476923076923,7,0.00661688646883297,-0.00513966670448308,0.103159523622324,0.0877751680640685,0.00788958727516292,0.0781854998488448,0.201545969041006,-0.176456437341557,0.227057450635346,0.123609603381632,0.0149815536156169,-0.0241199076895453,0.0294433159525961,0.155054430453615,0.117187974645072,0.293858808464171,0.393165042745152,0.365052021808673,0.507619208193219,0.126582975203221,0.246470844253574,-0.0692599298407885,-0.0715557433046269,0.253566075064002,-0.0957107659304267,0.0475443280794679,-0.522329448247475,0.270385254466433,0.0566365179226134,0.101413728435099,0.321649597558024,-0.0318099109366421,0.101890832739553
"2007 Q4",0.239574796732393,5.428,6.31689655172414,5.18,0.0200090921494003,-0.00593071296939679,0.170100323849175,0.100356705552248,0.0233246725664088,0.0875638326691137,0.18533003028467,-0.161641351556416,0.0665607665183389,0.146037703313983,0.0143063956512379,-0.0131436722405505,0.0301273743107904,0.15515479679083,0.123181685195385,0.284607553457193,0.388906285772416,0.360794343017926,0.443941788730045,0.450510666585233,0.576754717050006,-0.0682350086238495,-0.0723301420947974,0.306410208422693,-0.031092939322136,0.0931587573745596,-0.286025071244151,0.304753476223898,-0.0300322870988751,0.335355541921138,0.301092695852782,0.110675519572091,0.139446998206926
"2008 Q1",0.21451587957695,3.82438596491228,4.48425925925926,6.25,0.0202298156978685,-0.0111943061731966,0.066467931935372,-0.109019469112683,0.013448809812613,0.0874555535253756,0.206841173968273,-0.0438026226583929,0.0710959216837303,0.183663126631643,0.0107056983559887,0.0461336417489607,0.0538591696727292,0.160063086193012,0.0750821563515653,0.237342572828872,0.351928555380577,0.275894897746971,0.286099353695552,0.306923983589093,0.343142591933848,-0.101014350053933,-0.102290674413538,0.309858437482294,-0.0133099223572114,0.0577578329662875,-0.261150777276889,0.321524348807946,-0.134439682164166,0.43447977797378,0.338434880053575,0.0127016851751214,0.112027266656906
"2008 Q2",0.167768712199216,3.85225806451613,4.53016129032258,6.5,0.0262191080364948,0.00231749814036248,0.33226170408487,0.114605212381857,0.0155342929621842,0.0759859069779221,0.160433423006754,-0.0666913744986723,-0.017241806434506,0.172328665076991,0.0152094186635287,-0.0360838757240218,0.0661977718387833,0.139846691728996,0.0589035348339287,0.207302809388478,0.271510402003165,0.285538431952219,0.250474603471984,0.290255794541652,0.306357186012402,-0.0950776487022423,-0.08863229421968,0.294295485549229,-0.0225759147185816,0.0210419517536444,-0.267026277573302,0.30930795816883,-0.134186031922407,0.430782916092454,0.350504758381819,0.00795408524132036,0.065995482819143
"2008 Q3",0.121827280191431,5.81772727272727,6.38123076923077,9.21,-0.00219210928754434,-0.0172954847404316,-0.353726729348329,-0.642220377731993,-0.000982801061908089,0.0623851526777681,0.095505384281634,0.017391742711869,0.0532445145188123,0.168414516651148,0,-0.0490718939923969,0.122342266612365,0.140900291107533,0.048034020466108,0.192392073138665,0.223637600123755,0.367657663135585,0.258558743422974,0.413450225836327,0.210926479080509,0.0115516122201418,0.0170944333593,0.283278714228573,0.00301100401196413,0.0551791403002885,-0.263191052443485,0.322721008991162,0.0413865789607875,0.434507315183437,0.35862412803395,-0.0148004675049811,0.0465913071123869
"2008 Q4",-0.00737771920085231,8.52107692307692,11.6912903225806,22.83,-0.00901809718885275,-0.0420439550458772,-0.76701227547908,-0.651179816348053,-0.0164652630155157,-0.0134558605153918,0.0102242337758594,0.191055236762709,0.090477584966116,0.101511475368367,-0.0475125715476444,0.136833542020282,0.10721995283453,0.0838953268229145,-0.0641833444334289,0.0247044709931371,0.0165217673201626,-0.127996495459352,0.148667640676195,-0.238588235162015,0.167072408966691,0.170824440457835,0.179736345475917,0.259570094874671,0.135805200215501,0.207365732527335,-0.187823894933846,0.280647124851919,0.200259646852256,-0.0977339714262749,0.0181953616836167,-0.301180943257391,0.074573758517403
"2009 Q1",-0.176618294163365,11.2116071428571,13.3933928571429,19.02,-0.120744134055611,-0.169845126986495,0.0768147995447591,0.0874398935181359,0.0057088642203202,-0.0966369493156667,-0.280785493392721,0.283943750341174,0.0194180858571017,-0.00421095468843694,-0.070169057321513,-0.00270880526808702,0.0210013895343879,0.00412560750193648,0.0119833668870963,-0.0584133582053578,-0.0998058450561055,-0.094515702131578,0.183754666137335,-0.109237103474621,0.279469556902452,0.368803475988678,0.365659578034168,0.222039493791076,0.246206822197111,0.351754542237111,-0.0699585886069103,0.211202333940841,0.206369047897405,-0.628839313327214,-0.460353815254007,-0.0156558970725529,-0.00803619495242447
"2009 Q2",-0.215920493222014,7.49354838709677,8.12016129032258,13,0.0614460100085826,0.0467601240278347,0.341941712425748,0.358535080769187,-0.0184740305031091,-0.118425090253079,-0.252806743137769,0.405465108108164,-0.0264332570681556,-0.033919470034751,-0.070341489358245,-0.0109836351339642,0.00750754276973563,-0.0517394242187288,0.0312285422560383,-0.0558690410428901,-0.0791269968548597,-0.335669613091652,0.181555968380919,-0.526882199988986,0.248215974692987,0.288001714455461,0.273081717180671,0.170889352101959,0.277642547467528,0.374289490639715,-0.00585824756836798,0.154021630843854,0.213585952782044,-0.683668436605402,-0.578933751863851,-0.0758700871471211,-0.0432692883963819
"2009 Q3",-0.178039317406814,6.76924242424242,7.48863636363636,11.5,-0.0177796828390199,-0.021949183023386,-0.00332442309497608,0.239818005633311,-0.0108750453888755,-0.0901736935663985,-0.30143924978806,0.321583624127462,-0.00743497848751809,-0.045803712614754,-0.0524679225570641,-0.0474596886978342,-0.011279728567496,-0.0894037653403584,-0.032806632512096,-0.113412700925761,-0.0517598692858623,-0.277408254495979,0.185674062706197,-0.360426522201131,0.466141244262155,0.172704503730907,0.168296452594125,0.132071209637541,0.276197551917735,0.357905166559118,0.010695289116748,0.111088844657052,0.135102484856564,-0.499734937071833,-0.572593086641703,0.038034813739227,-0.0361758217327316
"2009 Q4",-0.0879389084932397,5.28307692307692,5.87786885245902,7.46,0.0174592213717686,0.0175150432498334,0.120690504754588,0.141086359638217,-0.0167409128808908,-0.0262023723940242,-0.310368352699058,0.135341347869762,-0.15299794194745,-0.000441676611570355,-0.000993542058877901,-0.0135529664047036,0.04980099302756,-0.0561817558855696,0.079605549196629,0.0621425757824372,0.151328349967915,0.0105843109105007,0.0175769366537983,0.0470772691610821,0.0708030818783508,0.032315164595593,0.0282087206345092,0.0948461130241861,0.0855848551946572,0.111263083945757,-0.0395860766940646,0.0978006723932625,-0.0183236423667523,-0.0334060290661721,-0.212729251863253,0.225416566562334,-0.0638342978836067
"2010 Q1",-0.0361026922173425,3.76178571428571,4.28981481481481,4.72,0.0734132864710435,0.0515619643694297,0.0594086141741759,0.0848146019685313,-0.0210937830597996,0.0399299749597152,-0.0278763695282549,-0.0342890734786322,-0.0800427076735365,0.0342213371040601,0.0336938457864726,0.0972809473989914,0.00487805845343299,0.0261865979061031,0.0883009957388692,0.195488313930189,0.278198020746476,0.132447073299651,0.137446805266759,0.120658155699273,0.221553545300641,-0.14226433567333,-0.138183153877804,0.108363235563468,-0.0939369159747143,-0.109495000929384,-0.0726226395375301,0.104041789813698,-0.0318104220336223,0.44393138893596,0.172370563179771,0.0127390257774297,-0.166912773570356
"2010 Q2",0.0562169956523998,2.8708064516129,3.34016393442623,4.35,0.0156614873159973,0.00704228262541295,-0.0975981640481006,-0.160469569261425,-0.00689318337531399,0.048652527392668,0.0808694956495306,-0.135174778368253,0.0689928714869514,0.0582790506308071,0.0484045104816597,0.0716666698713537,-0.0135544243846285,0.0689631224203263,0.0458095360312942,0.215065589974554,0.267087360397268,0.319118138823529,0.0752333045123119,0.350123484765391,0.025614517269421,-0.000959232687460122,0.0061005165919973,0.111593862333523,-0.146954412956663,-0.151540919491864,-0.0896856043949825,0.102448722080121,-0.0280168074573399,0.405465108108164,0.312026183956905,-0.0250013022054173,-0.0410662490696907
"2010 Q3",0.0519229863512521,2.60939393939394,3.30242424242424,4.25,-0.0260397862359746,-0.0385503725795914,0.0928711690030076,0.118374358324713,0.0118578464507835,0.0373033605299689,0.103511842214384,-0.177334015282916,-0.161641351556416,0.0532763054615753,0.0232343462342459,0.139716979357233,-0.233150601698764,0.081131116230991,0.0606552745667552,0.260866877987956,0.271611656368182,0.0829054542549677,0.024012956211526,0.0346615689713478,-0.0958598029337389,0.0165238392763026,0.0171734735851704,0.130405138498428,-0.171241836034122,-0.182560648247574,-0.0546584125378641,0.0990935204330408,-0.0340473051485158,0.159389036488847,0.366806398548002,-0.0183491386681965,-0.0132610622783799
"2010 Q4",0.100397514593239,2.87261538461538,3.55276923076923,4.37,0.000601684735360229,-0.0118199868093581,0.140749236977983,0.160578946191173,0.0167409128808908,0.0499333308653285,0.177507426073503,-0.164755233076055,0.0278347989934438,0.0432717216513833,0.0098912774787427,-0.111225635110224,-0.0390143715884802,0.0722934189430821,0.0432152804897117,0.226125653506127,0.242812891804406,0.105657959582141,0.114429571471138,0.0322322926670757,0.0663833958810612,0.00528577378675985,0.00988475923254192,0.158166412449711,-0.0853836277063034,-0.0990988604044398,-0.0155598591070317,0.123103495147174,-0.0198271674745882,0.169500868364893,0.280149113059545,0.0841482171389545,-0.0141574206901438
"2011 Q1",0.0617172562281048,2.89214285714286,3.41267857142857,4.3,0.0682908707561217,0.0444071959147071,0.214004289872191,0.143868788747755,0.00579711768432591,0.04547878621846,0.246197314182533,-0.150282203049338,-0.0317486983145802,0.00633939551975633,0.00999009307508619,-0.155929674480499,0.0168882180285216,0.0491296362935441,-0.0120681662134856,0.210129300621668,0.212741119404004,0.237734399379248,0.104478330764252,0.202125187099665,0.00688689233702514,-0.033784667799679,-0.0359030622548449,0.181885012321172,0.130915284902698,0.150468124094277,-0.0588405000229335,0.165137091211195,0.0125799044903031,0.214896541460863,0.367173669778565,0.0410167175273936,-0.130138914227795
"2011 Q2",0.0451031284689441,3.55064516129032,4.03048387096774,4.39,0.000187248385529777,-0.00491449780169997,-0.0424707057723714,-0.0696272711747752,-0.000988630826939543,0.0457376286890098,0.197359434158495,-0.141078598259905,-0.0512932943875505,0.0185896787194842,-0.0135924422779009,-0.00468384931242631,0.0157957402276424,0.0554910520530799,-0.0150378773645404,0.172920944695862,0.186845840779445,0.282609330228857,0.104501370393619,0.354970114155721,0.0881463860430073,-0.114788483499474,-0.114148483477628,0.198070612992136,0.121313152343811,0.116105625184234,-0.111376863843972,0.185611884899471,0.00705695229806544,0.336022899386063,0.362367212100444,-0.0196663172099959,-0.115746925045444
"2011 Q3",0.0532376658943099,4.07454545454545,4.68590909090909,6.72,-0.0731003138661214,-0.0644005860259699,-0.090379255820672,-0.351896527596613,-0.0208444271486297,0.0377870908251011,0.172225828112245,-0.0938187552176549,0.131336002061087,0.0295686788335278,0.00382044399738595,-0.0488351292091211,0.260011206859397,0.0761402636966047,0.00732961991404833,0.180662539657371,0.181826344149582,0.325828513090619,0.14658176691451,0.368501093060468,0.0685262399532039,0.0511130093728442,0.0498187303454838,0.167479067776254,0.192764839899995,0.203965119411448,-0.149169349477054,0.179154261462249,0.0840845278298245,0.293152973162682,0.206436718812484,-0.00684599250798989,-0.0786462355106148
"2011 Q4",0.0972390958987107,5.13453125,5.9834375,7.33,0.0112169428458421,0.00461313462259873,0.0439777727527404,0.0299549382093015,-0.0108003013507698,0.049849077022553,0.156828057597975,-0.0938187552176549,0.114728265661426,0.0742953121975996,-0.00295712388974382,0.00434783293610342,0.292809717172413,0.0862543402977599,0.0149628726767123,0.159573477534406,0.190223863990217,0.279960026357871,0.190599391997539,0.317534394877906,0.120876236984161,0.0591699350448554,0.0533076576375691,0.168220123959806,0.191168956129677,0.225586789397202,-0.186431317201951,0.189903047359001,0.111465567930186,0.240201534218787,0.151138629357267,-0.0553048451906256,-0.0304270628267227
"2012 Q1",0.101641089310879,4.78982456140351,5.47087719298246,7.04,0.0672052639787802,0.0641134831229659,0.134834324404939,0.169873482328481,-0.0224071722499462,0.0529151260020823,0.195887804028445,-0.160930366812637,0.0523679855173159,0.0946082714622804,-0.000994530166508347,-0.0511419206707844,0.0398645985639278,0.0755615488132682,0.0218349286031999,0.148277666494448,0.182378826896618,0.150028037782301,0.248407657571305,0.214851156592211,0.315588582211831,0.0280052874432645,0.0308036121424958,0.156835987257856,0.116320791159863,0.111482309467562,-0.127645560447261,0.150421384094022,0.0784113915088209,0.159380617125997,0.109678844391926,-0.0380998462322704,0.0431007897569695
"2012 Q2",0.0629168612839672,5.63467741935484,6.08161290322581,7.37,-0.0611485508302187,-0.077699074624528,-0.22828369235859,-0.192828837791176,0.00591717702808852,0.0431073495477883,0.154344497058217,-0.182321556793955,-0.017699577099401,0.100201971201882,-0.00293685967330971,-0.0084866138773188,0.0423730298487986,0.0710920588230114,0.0472528848505455,0.145251758608438,0.165888900468844,0.0880243485705025,0.164196131985034,0.104361252145143,0.191823211875841,0.163487244168088,0.164400903436763,0.146896392681,0.119394126877573,0.129622509367331,-0.0425596144187958,0.148740959112486,0.0785883042605211,-0.0173786013303157,-0.00487211682400032,-0.0333195890760271,0.0401405602180751
"2012 Q3",0.0534202189445709,5.48476923076923,6.05138461538462,7.34,0.0339642435665058,0.0222301279664996,0.139050388489404,0.0886501545992091,0.0218262632608864,0.0322994584724598,0.10809375958467,-0.179048231448985,0.0451204352804696,0.0545136925600216,-0.0047778399537132,0.000943841504706348,-0.061744880974314,0.0535268684839604,0.0442824073902775,0.0964433016087542,0.12899022244386,0.0548465782059127,0.109268903290558,0.0914682758141936,0.116132396556185,-0.0377642843822012,-0.0374528064167489,0.148699472377549,0.0570677807678786,0.0677362810519826,-0.0234614866789979,0.147541151026626,0.0387969496008123,-0.0244588129555927,0.0458634167931812,0.0673559420004646,0.00708519475002432
"2012 Q4",0.016868373720809,6.12676923076923,6.5909375,7.66,0.0206446725969575,0.0116502168254264,-0.0114542639342584,0.0341594750865063,0.000986679902445106,0.0187027270741808,0.0925979836982696,-0.179048231448985,0.0838011013593816,0.0536785072059245,-0.00197628522821199,0.0497193883341724,-0.112128605157641,0.0468683236941737,0.0584868307000604,0.079516674868574,0.115363694463439,0.119083951754978,0.0637001462935309,0.0953101798043249,0.0805955561043655,-0.0585111734927053,-0.0592267804767641,0.116903027247337,0.0325378168271316,0.0600898995127059,0.0129965728271804,0.0927095925801984,0.0470941665069859,-0.0134801615566927,0.0677855064142348,-0.0585434556126103,-0.00563675996696614
"2013 Q1",0.0425098488643128,5.71719298245614,6.16087719298246,7.49,0.026636181213932,0.0148542765855574,-0.00985853414860529,-0.0448280959685521,0.00393314174683715,0.0126373480955932,0.127742527111137,-0.100083458556983,0.0594234204708008,0.0446711618564723,-0.0190864658905408,0.0189910755053172,0.0136988443581619,0.0385850333328712,0.0597348855009871,0.0803245066313967,0.135675606777927,0.0567686271180304,0.10885166556506,0.0458915485067961,0.04233180429069,0.057953642510087,0.0563249226001823,0.116155664901679,-0.00811195574847467,0.0462352167721634,-0.0900034715493078,0.0640532950247732,0.0743831324949003,-0.0484848672658243,0.0591570308477649,-0.0205990608700724,0.0209150289190709
"2013 Q2",0.0294501829787031,6.29033898305085,6.63694915254237,7.24,-0.0380422529322159,-0.052133456301067,-0.0741219557230281,-0.135172615488248,-0.000983767910132838,0.0168595938496758,0.138244107527724,-0.0183491386681964,0.0855221734381619,0.0613684590153879,0.00391389932113631,0.00660691407574111,0.00783758910492463,0.0378082835399388,0.0375158358952502,0.0748132172199246,0.142678040564514,-0.00482991805564241,0.0625479683318546,-0.0256817847556473,-0.0609962517637142,-0.00335724411165225,-0.00427090338032702,0.126856162435601,0.135999429740625,0.227896284109412,-0.134602859565131,0.0549772332223917,0.177178340572252,-0.0333235017896465,0.0312525435041043,0.00919781650463145,0.00391211097316673
"2013 Q3",-0.00461840919667361,6.14378787878788,6.51242424242424,7.04,-0.00589523434069922,-0.011880056242574,0.0590110862106201,0.109117639999689,-0.00689318337531399,0.0163459564747465,0.0833097070132469,0.0384662808277961,0.168749479248411,0.0624160049205759,-0.0105922993229456,-0.027739703089153,0.0295765418819117,0.0395146775322605,0.0316322499883934,0.0719325478309295,0.148587622841898,0.0796775674039468,0.0981967863032626,0.0495523764151799,0.0949346542682575,0.0492212915742558,0.0489133623955334,0.159881069227056,0.126726604050116,0.204024705056371,-0.148479354060396,0.0825401674131098,0.214989116349045,0.0429921619641779,0.0034423441909727,-0.0241423053215996,-0.0183416429177411
"2013 Q4",0.00370582513951003,6.21784615384615,6.52123076923077,7.31,-0.00593019432779712,-0.0198995312160191,0.0221754763782796,0.0141282949806665,0.00295421189743138,0.0244049827269302,0.0860243533660841,0.0571584138399488,-0.0129451645920371,0.0402381433499681,-0.0099404397052508,0.00822204015201646,0.148484336553851,0.0359133052262124,0.0359228537710141,0.0828607971453588,0.137079349291391,0.0400102338831875,0.0868377058565177,-0.0153699438962471,0.0501517355987859,0.0726958084846616,0.0749557092176313,0.179538133579567,0.166825120723986,0.213183923006304,-0.141556952729683,0.106396717545845,0.204291341925706,-0.00429492428288073,-0.0181338302380396,0.022611446386547,-0.00746109584567394
"2014 Q1",0.00702621742640895,6.6619298245614,7.17625,9.28,-0.0764277988377632,-0.0934119277105044,-0.0278202422110748,-0.162698751841124,0.00391773272890165,-0.00198478397938603,-0.0161185491020822,-0.017699577099401,0.297251523467932,0.0391351604951644,-0.00916970255985254,-0.0445417756227872,0.019090978464829,0.0382448688613605,-0.0288977796664363,0.066766519073739,0.0818787853249327,0.0984423869397217,0.0609710091211786,0.125651704377598,0.0546385986041342,0.13606197179024,0.134819222808951,0.153966711818958,0.211035975066726,0.225320202266417,-0.0636256958802116,0.137539929294337,0.192215880173752,-0.0161554402222853,-0.0563907773548748,0.0137797455980174,-0.0662665878008833
"2014 Q2",-0.034634865994441,8.09583333333333,8.5715,9.68,0.0751798985078351,0.0539847132812343,0.0418014701339344,0.108106924331256,0.00881926343408134,0.00432499901860128,0.0284521313631503,-0.0571584138399488,0.252224760615052,0.0215201312059917,0.00875066352018545,-0.0383556123903215,0.0273030610469816,0.0213257513790628,0.0151518050206022,0.044318032257635,0.0638730314079897,0.117122006642933,0.0719220642630725,0.132726049546518,0.115870848562,0.0339626931877301,0.035734172836112,0.143190710154397,0.18241701535308,0.166345023451116,-0.0225508255218965,0.114561315472371,0.185345692116878,0.0401598368079375,-0.046012959087225,0.0369487861311502,-0.0602898294025413
"2014 Q3",-0.0228150482838966,8.00393939393939,8.54106060606061,10.66,-0.0598684962635744,-0.0712558796379806,-0.171310842095243,-0.195300714469375,0.00197433430371761,-0.0110627037981633,0.167605200687035,-0.0784716154414951,0.160342650075179,0.00478126657921002,-0.000968523078130426,0.0258511284012849,0.0910158504842706,0.0195144277553044,0.0372053540500667,0.0815334316696037,0.0663497647304543,0.079966377039726,0.0725733388939933,0.0666316141377018,0.0210391201154055,0.192633557917502,0.19395671560982,0.110980260094833,0.227065264779282,0.204424502212963,0.0355066884569098,0.100493263689596,0.161891783413029,-0.0390065050339744,-0.0810932784210388,-0.0530756495479807,-0.0487842822975905
"2014 Q4",0.0329969924040047,11.39234375,12.06234375,24.7,-0.313367767556412,-0.361717694923731,-0.501573113220509,-0.351468613081687,0.0300264688324275,0.00164248599750341,0.124787203099954,-0.0571584138399488,0.148082983264833,-0.0187683713196451,0.00398804117795563,-0.0113228178302649,-0.0709706565531466,0.0296183632767329,-0.0355338243943901,0.0262639503786428,0.0146598282973195,0.0702154480165181,0.123739514963582,0.106311635490138,0.18838335097927,0.54347715996009,0.548892295881619,0.132214731985332,0.237727945688939,0.200034113729181,0.0531098253139483,0.13038582868894,0.193976736418682,-0.181174438801805,-0.22341269409608,0.022111453607431,-0.0357247138880265
"2015 Q1",-0.0460400225763185,15.5389090909091,16.2558695652174,15.68,0.0779371271091836,0.0106877933705839,-0.0394928590251473,0.107467790322588,0.0486505091171837,-0.0316205287888456,-0.147066824938853,0,0.284104251103897,-0.0937294450788769,0.0122076795799294,0.0843335366644332,0.0306705310942349,-0.0717288513058262,0.00156944839957733,-0.0102518199573472,0.0498715187458463,0.0140277185694802,0.178232451774142,-0.0239396445942572,0.210601467722624,0.481763749425382,0.48793038142402,0.187829551114118,0.293319292936827,0.242932803457411,0.0772313479359902,0.166413721315921,0.30963572618857,-0.308527588644464,-0.482232797772148,0.065271390353224,-0.0246742174379783
"2015 Q2",-0.117059876024648,13.2680327868852,13.35,12.48,0.085655444578494,0.0804984045625791,0.143125037384172,0.0654063380649347,-0.0147422817372034,-0.0492835040906367,-0.444351231573527,0.111225635110224,0.0251585596361551,-0.0899961158796447,-0.00485202310452807,0.00972770316801206,0.0205065285624855,-0.101869173317217,-0.0255333020051646,-0.0154961008881633,0.0607914562469497,-0.00101380573432646,0.148958548078408,-0.123033634405978,0.0731937809679941,0.500846923716095,0.49674464964632,0.169199441737846,0.257506357610615,0.0946833090741584,0.149629195108412,0.185565626717873,0.165077380581698,-0.367220239246804,-0.525807177381608,0.000979911886348787,-0.0389598158248912
"2015 Q3",-0.146551896162042,11.1863636363636,11.7636,11.98,-0.165827209489094,-0.182032163071779,-0.273576438444425,-0.174114289514302,0.0039370129593396,-0.0339419304283873,-0.464517539889865,0.0784716154414951,-0.0655972824858132,-0.101666293920863,-0.00291121020745844,0.0215062052209635,0.0149273640993826,-0.104523802074261,-0.0577212320389492,-0.0312922308227797,0.0569897027118761,0.0296913025718776,0.0820157352079033,-0.0148976973452152,0.076590234841441,0.512449495025094,0.508234751326831,0.171124631147878,0.283831800315548,0.107784900043015,0.0950081106281872,0.180013915128557,0.223536109685784,-0.468254960172844,-0.48024220039391,-0.00397219986043291,-0.0787635608745481
"2015 Q4",-0.1179975823959,11.202,11.64925,11.83,-0.0104006559479413,-0.0329441557193541,-0.260422797017501,-0.0422750226917787,-0.024144098929361,-0.0328080578543101,-0.354341032775083,0.0935260580108235,-0.0788729800866587,-0.102583258262107,-0.00899556290857799,-0.0135489305583158,0.0442415555161115,-0.136001896926594,0.00890615761049948,0.00938205152617621,0.106815379046527,-0.0214602937373837,-0.0513214403081461,-0.0789047480502543,-0.0959403768277836,0.259871829493732,0.251373340178181,0.173171475816303,0.257592427819369,0.115948657664427,0.106926686690571,0.14997758602987,0.20577104096678,-0.360490098403251,-0.378248028167236,-0.0180546529118167,-0.0417122428899393
"2016 Q1",-0.0990419548744283,10.9260714285714,11.3168292682927,11.99,0.00619720293231423,-0.00981676720540606,0.0603721284430445,0.146178283179821,-0.0506074569041446,-0.00410959482491958,-0.12072854588614,0.0521857531705702,-0.175890666463664,-0.00640286758382495,-0.00303797702007681,-0.049742091894814,0.0318498258870992,-0.0513962969112035,-0.0264845988386644,0.0880593742076938,0.111786416814237,-0.0282720349419781,-0.0238030394940476,-0.166525391131841,-0.151527006027352,0.163056512641016,0.152767075317359,0.111916992628999,0.169448787385705,0.0437042142471651,-0.0484523833859469,0.114291352637211,0.064103638973702,-0.399386062031782,-0.159759219486868,-0.0850153683429149,0.0167303132264467
"2016 Q2",-0.00865417594314087,10.8034426229508,10.9413043478261,11.08,0.075561162160959,0.0682812566956147,0.226773319364788,0.060417825189437,0.00197824001210572,0.00323310983214716,0.00840662191971077,0.017391742711869,-0.0125001627642315,0.00288196502326333,0.00871676221441688,0.0537105061035509,0.0286781907511457,-0.0494606301683998,-0.0521533450879916,0.101739582520339,0.115420204368272,-0.0087794771904415,0.0144751719222202,-0.0732479482326347,0.130950903183479,0.139201177227594,0.141531971648987,0.11867529803811,0.13200267111652,0.166789016883783,-0.140895515139658,0.0805347052041371,0.0987909239195419,-0.299776777335126,-0.0472190719373908,0.0327582277455015,0.00173307642077977
"2016 Q3",0.0165646440487679,10.3184848484848,10.5681355932203,9.98,0.0166552168350496,0.0121485467579921,-0.01255839879488,0.0625812366205156,-0.0108643043919057,0.00302389102507692,0.0485075186050857,0,0.0168071183163812,0.0124192605514571,0.00967125526517789,-0.054170012039755,0.0545589842504344,-0.0393079896890402,-0.0394602628010912,0.0943271362143589,0.119582782516381,0.0154996264996672,0.0435044058780663,-0.0281408832937379,0.0381286378853507,-0.0362437067928931,-0.034938729592007,0.107591292966314,0.0804316985767137,0.156924555068829,-0.0933483592098229,0.0748065408665543,-0.0188890935750398,-0.104372721885276,0.054701135713057,-0.00598804184462256,0.029374035612924
"2016 Q4",0.0618584885869385,10.166875,10.2693333333333,10,0.102269957346643,0.0947527143991978,0.146844337595699,0.150947821378064,-0.0108109161042156,0.0090040000539542,0.0486370365372517,-0.0550597771830273,-0.0692100031781747,0.0242878481828404,0.00700353037733738,-0.00737233460232384,0.0502521182603742,-0.046438785485466,-0.0575213079242213,0.0636307104923654,0.0880516821575309,0.179306589406425,0.137497116388087,0.170942740302197,0.152749778510077,-0.184215574735707,-0.177467378024641,0.0822090590272144,0.100857548694195,0.202377990888394,-0.140395946129973,0.070812468625189,0.0104122235771996,0.0171153322192682,0.0847166701967611,0.0279459303905593,0.0319757505244651
"2017 Q1",0.113658460895853,10.0391228070175,10.1079487179487,9.67,0.0580442387741466,0.053942704882869,-0.0728091652498174,-0.0340443011474589,-0.0108322083293603,0.014986656515595,0.0912795415381551,-0.0702042586732486,-0.174658684048385,0.041802867575847,-0.0061037829380178,0.00199800266267306,0.017607912189581,-0.0157810584007918,0.00268024818719949,0.0633837365551459,0.105388758392025,0.180231822417717,0.0836825527503181,0.221747724128869,0.0749387767441797,-0.192809609558804,-0.182944803931611,0.0648870568272904,0.0920966470359577,0.203738770735551,0.0348467313301681,0.014838289354724,0.064503412713301,0.311366315490136,0.23306789497906,0.0343002757638984,0.00598935827242503
"2017 Q2",0.0910817665046072,9.27065573770492,9.26782608695652,8.79,-0.0222795142391361,-0.0318829868181368,-0.0975462573690305,-0.106782138943519,0.00098765440127241,0.0254953261198474,0.143658780303976,-0.109199291964992,-0.0649578962747724,0.0600343744275925,0.00384986038544149,-0.0194540641981441,0.00981362144832467,0.0084151969252845,-0.00623353732680054,0.0749979263347926,0.0995695364355469,0.117090587825732,0.0414810997177603,0.165015809696362,-0.0118611346287707,-0.0775657736539421,-0.0800946462821128,0.0455800873502801,0.0910209744619017,0.151263711723112,0.0769610411361284,0.0258645220979989,0.0800201653866206,0.211870812541687,0.254727400877146,-0.0768093938673841,0.022685001646876
"2017 Q3",0.0485977604995622,8.61676923076923,8.732,8.25,-0.0445886526812441,-0.0325914953837396,0.182947404316208,0.127213774228283,-0.0129936860619882,0.0226875402667948,0.157275524867867,-0.0582689081239758,0.0219789067187752,0.0537240621440231,-0.00676004505771933,0.0430071054255921,0.0588836676644759,0.0187341559987324,-0.00866222933165765,0.087453124495966,0.0904555400627913,0.0983830706049715,0.0460943662747199,0.116345570797912,0.0430573044465831,-0.0886760827499222,-0.0902345868711984,0.0479195786760717,0.0753586869604279,0.110256486270033,0.0657815293771684,0.0321794136973558,0.11358963254696,0.17429696806383,0.19303707060708,0.0344352764198209,0.0213253281835586
"2017 Q4",0.00452136516727653,7.93078125,8.02272727272727,7.52,-0.00608260151184294,-0.00891944163706906,0.150270077942485,0.0154334019428589,-0.00396040121609702,0.00335570784697232,0.16286343370222,-0.0582689081239758,0.0661658607969466,0.0805517615715191,-0.00700353037733734,0.00527149349351198,0.00813521382776394,0.0309665841083898,-0.00122574070505012,0.0905653567410793,0.0996199002846209,0.0234677184640096,-0.00828806073499475,-0.0114223480200112,-0.0705788843355338,-0.0517619345585895,-0.0558653642826694,0.0509909041243438,0.0294899797309484,0.0464368255732843,0.0160775167275328,0.0535201484786611,0.00911972799706231,0.215111379616945,0.200506586164991,0.0165938409812113,0.0150750649802785
"2018 Q1",0.0345003041896574,7.12821428571429,7.04928571428571,6.76,-0.00694651642421709,-0.00952140838078752,0.0495945291382191,0.0790647242213044,-0.00198216120399121,0.018090945649039,0.127251619126069,-0.0755075525081452,0.181048482147156,0.104157653471652,0.0291624486889914,-0.0449055036739496,0.0233394663193033,0.0300991594185893,0.0132945324205349,0.103787725130149,0.0944746646554711,0.103434437191367,0.0283647109901712,0.115048388009205,-0.0412250731750723,0.0229651498726884,0.0208010320262347,0.0831902161388543,-0.0269439858339763,-0.0369112312592683,-0.125734082164491,0.124927576780759,-0.0365522087228506,0.20604911795491,0.176762126213805,-0.0343002757638984,-0.0175729822007481
"2018 Q2",0.0411713503646812,6.99016393442623,6.93450980392157,7.11,-0.0433407199283041,-0.0479208256812298,0.122657054532811,-0.0792986332317661,0,0.0211714009778753,0.0557658090779276,-0.0800427076735365,-0.113597177723705,0.0840581387232621,-0.0262788844638403,-0.0131828651148784,0.0174254167138594,0.0345132294203755,0.0105264129869874,0.118368697033661,0.107621032576189,0.182558001909676,0.0782541906152721,0.26568596720176,0.0787710614685868,0.0551920658370629,0.0572428127090537,0.120586848092976,0.0962388639726355,0.0391802183843323,-0.17366349405084,0.17065008658947,0.0427045202544075,0.261078326933805,0.0770241346091294,0.107609775373105,-0.0292716964674925
"2018 Q3",0.0538478616651387,7.086,7.10729166666667,7.94,-0.0529505648206444,-0.048224630682987,0.0404593910232019,0.0322933184717328,0.0110056138366021,0.0216066799642095,0.0506288224672431,-0.0833816089390511,-0.108990283708405,0.0765643549859529,-0.01365874893104,-0.027502918889627,-0.0522148250507961,0.0263751552543944,0.00144892563383062,0.121951218939398,0.111835677911917,0.238412225706934,0.0591807708849781,0.330908758782453,0.0081333328327279,0.122635466612386,0.127155175485246,0.134852830111821,0.147943054657046,0.0781812975413578,-0.16691293144111,0.175903283131405,0.0569739907299236,0.268542732241083,-0.0173917427118691,-0.0146130218456497,-0.01994723277943
"2018 Q4",0.00167379496214411,7.33476923076923,7.38666666666667,8.05,0.0291027525962375,0.0108562155645421,-0.43018794359238,-0.109204454427693,0.00888894741724599,0.0275347791723661,0.0544438239759954,-0.0618754037180874,-0.0959201218787391,0.0551590903965375,0.0267475083670284,0.0135772320651554,0.0412083330947355,0.0270055720980097,-0.0202360818127334,0.100506223615829,0.104304166616023,0.207646656782926,0.060000210748752,0.283837317746064,0.0214919640292928,0.187372437002944,0.184893032185602,0.114543002636232,0.201282946795548,0.10284351975658,-0.0761957837810094,0.154421864490366,0.0978942565071496,0.179384697120645,-0.0376267109856221,-0.0274796486264624,-0.0457086356145796
"2019 Q1",-0.0261992050556177,7.63684210526316,7.62666666666667,7.75,0.0430333460113404,0.0316954197594821,0.239953147942266,0.114283644478167,0.00987174847915409,0.00529802563755519,0.0613774134541765,-0.0606246218164349,-0.0590335315841929,0.0261010099329098,0.00789737569495094,0.0216838645596499,0.0109726786694755,0.0185115950084126,-0.0240588990076934,0.061776377186714,0.085114607424036,0.10800458091684,0.0370856309788795,0.118690309850271,0.0666729210634988,0.12262247288745,0.121575169597448,0.0868268572628123,0.283076771707218,0.240194088738459,0.0837698830654587,0.13097896446898,0.137462895274584,0.00882791412356553,-0.031861102068984,-0.0140564563392233,0.00765094127921549
"2019 Q2",NA,7.68203389830509,7.53852941176471,7.41,0.0242733266105257,0.0251893357937541,-0.0272730702688841,0.14171492461007,-0.00693415358899885,0.00919969689842342,0.0294861656544635,-0.042559614418796,0.140088793170682,0.0389550859909315,0.00295421189743138,-0.00570343751386964,0.0120828179061225,0.0153025174268372,0.000951474857699416,0.0272699564135464,0.0704954900287758,0.0979708921523174,0.0504264366311758,0.0861502761564839,-0.0196529379013938,0.00461013454609668,0.00429492428288087,0.0794679819591939,0.179267401947207,0.162497235196987,0.132573079182711,0.106740513946386,0.0664667874750352,-0.0873456574540496,-0.0271799305318381,-0.0674840313673279,NA
"2019 Q3",NA,7.34588235294118,7.41375,7.13,NA,NA,NA,NA,NA,NA,NA,NA,NA,NA,NA,NA,NA,NA,NA,NA,NA,NA,NA,NA,NA,NA,NA,NA,NA,NA,NA,NA,NA,NA,NA,NA,NA
