Дата;1 день
13.06.2019;7.57
11.06.2019;7.52
10.06.2019;7.61
07.06.2019;7.68
06.06.2019;7.68
05.06.2019;7.73
04.06.2019;7.68
03.06.2019;7.76
31.05.2019;8.02
30.05.2019;7.99
29.05.2019;7.98
28.05.2019;7.89
27.05.2019;7.6
24.05.2019;7.32
23.05.2019;7.55
22.05.2019;7.56
21.05.2019;7.75
20.05.2019;7.72
17.05.2019;7.77
16.05.2019;7.75
15.05.2019;7.76
14.05.2019;7.81
13.05.2019;7.74
08.05.2019;7.7
07.05.2019;7.51
06.05.2019;7.46
30.04.2019;7.84
29.04.2019;7.87
26.04.2019;7.69
25.04.2019;7.6
24.04.2019;7.37
23.04.2019;7.47
22.04.2019;7.61
19.04.2019;7.73
18.04.2019;7.74
17.04.2019;7.74
16.04.2019;7.95
15.04.2019;7.92
12.04.2019;7.96
11.04.2019;7.89
10.04.2019;7.73
09.04.2019;7.75
08.04.2019;7.76
05.04.2019;7.89
04.04.2019;7.85
03.04.2019;7.73
02.04.2019;7.64
01.04.2019;7.67
29.03.2019;7.91
28.03.2019;7.6
27.03.2019;7.67
26.03.2019;7.82
25.03.2019;7.86
22.03.2019;7.52
21.03.2019;7.52
20.03.2019;7.54
19.03.2019;7.55
18.03.2019;7.5
15.03.2019;7.56
14.03.2019;7.57
13.03.2019;7.68
12.03.2019;7.64
11.03.2019;7.81
07.03.2019;7.83
06.03.2019;7.82
05.03.2019;7.79
04.03.2019;7.66
01.03.2019;7.67
28.02.2019;7.59
27.02.2019;7.74
26.02.2019;7.55
25.02.2019;7.59
22.02.2019;7.26
21.02.2019;7.45
20.02.2019;7.63
19.02.2019;7.72
18.02.2019;7.56
15.02.2019;7.53
14.02.2019;7.49
13.02.2019;7.55
12.02.2019;7.64
11.02.2019;7.68
08.02.2019;7.64
07.02.2019;7.67
06.02.2019;7.63
05.02.2019;7.66
04.02.2019;7.64
01.02.2019;7.59
31.01.2019;7.68
30.01.2019;7.74
29.01.2019;7.81
28.01.2019;7.79
25.01.2019;7.73
24.01.2019;7.59
23.01.2019;7.61
22.01.2019;7.72
21.01.2019;7.6
18.01.2019;7.63
17.01.2019;7.65
16.01.2019;7.62
15.01.2019;7.56
14.01.2019;7.55
11.01.2019;7.54
10.01.2019;7.57
09.01.2019;7.58
29.12.2018;7.73
28.12.2018;7.15
27.12.2018;7.56
26.12.2018;7.53
25.12.2018;7.62
24.12.2018;7.59
21.12.2018;7.67
20.12.2018;7.67
19.12.2018;7.67
18.12.2018;7.58
17.12.2018;7.57
14.12.2018;7.5
13.12.2018;7.39
12.12.2018;7.38
11.12.2018;7.49
10.12.2018;7.38
07.12.2018;7.4
06.12.2018;7.37
05.12.2018;7.39
04.12.2018;7.38
03.12.2018;7.32
30.11.2018;7.49
29.11.2018;7.29
28.11.2018;7.44
27.11.2018;7.59
26.11.2018;7.45
23.11.2018;7.07
22.11.2018;6.93
21.11.2018;7.11
20.11.2018;7.01
19.11.2018;7.07
16.11.2018;7.02
15.11.2018;7.08
14.11.2018;7.25
13.11.2018;7.4
12.11.2018;7.39
09.11.2018;7.33
08.11.2018;7.36
07.11.2018;7.35
06.11.2018;7.49
02.11.2018;7.27
01.11.2018;6.88
31.10.2018;7.11
30.10.2018;7.11
29.10.2018;7.25
26.10.2018;7.25
25.10.2018;7.34
24.10.2018;7.1
23.10.2018;7.15
22.10.2018;7.19
19.10.2018;7.33
18.10.2018;7.36
17.10.2018;7.29
16.10.2018;7.29
15.10.2018;7.34
12.10.2018;7.33
11.10.2018;7.33
10.10.2018;7.21
09.10.2018;7.14
08.10.2018;7.31
05.10.2018;7.51
04.10.2018;7.35
03.10.2018;7.33
02.10.2018;7.27
01.10.2018;7.26
28.09.2018;7.38
27.09.2018;7.24
26.09.2018;7.3
25.09.2018;7.4
24.09.2018;7.19
21.09.2018;7.23
20.09.2018;7.28
19.09.2018;7.11
18.09.2018;7.29
17.09.2018;7.31
14.09.2018;7.01
13.09.2018;7.02
12.09.2018;6.92
11.09.2018;7.04
10.09.2018;6.99
07.09.2018;6.98
06.09.2018;6.94
05.09.2018;7.04
04.09.2018;7.16
03.09.2018;7.15
31.08.2018;7.13
30.08.2018;7.13
29.08.2018;7.18
28.08.2018;7.26
27.08.2018;7.18
24.08.2018;6.95
23.08.2018;6.69
22.08.2018;6.94
21.08.2018;6.93
20.08.2018;6.98
17.08.2018;6.97
16.08.2018;7.08
15.08.2018;7.11
14.08.2018;7.16
13.08.2018;7.14
10.08.2018;7.14
09.08.2018;7.07
08.08.2018;7.02
07.08.2018;6.86
06.08.2018;6.88
03.08.2018;6.8
02.08.2018;7.01
01.08.2018;7.03
31.07.2018;7.76
30.07.2018;7.71
27.07.2018;7.35
26.07.2018;7.14
25.07.2018;6.97
24.07.2018;6.86
23.07.2018;6.89
20.07.2018;7.02
19.07.2018;7.12
18.07.2018;7.1
17.07.2018;7.2
16.07.2018;7.13
13.07.2018;7.14
12.07.2018;7.08
11.07.2018;7.07
10.07.2018;7.06
09.07.2018;6.73
06.07.2018;6.84
05.07.2018;7
04.07.2018;7.03
03.07.2018;6.74
02.07.2018;7.03
29.06.2018;7.14
28.06.2018;7.14
27.06.2018;7.22
26.06.2018;7.28
25.06.2018;7.11
22.06.2018;7.06
21.06.2018;6.95
20.06.2018;6.98
19.06.2018;7
18.06.2018;7
15.06.2018;6.97
14.06.2018;7
13.06.2018;6.99
09.06.2018;6.8
08.06.2018;7
07.06.2018;7.01
06.06.2018;7
05.06.2018;6.89
04.06.2018;6.85
01.06.2018;7.04
31.05.2018;7.06
30.05.2018;7.07
29.05.2018;7.06
28.05.2018;7.05
25.05.2018;6.98
24.05.2018;6.9
23.05.2018;7.01
22.05.2018;7.07
21.05.2018;7.09
18.05.2018;7.12
17.05.2018;7.08
16.05.2018;7.04
15.05.2018;6.91
14.05.2018;6.86
11.05.2018;6.78
10.05.2018;6.81
08.05.2018;6.47
07.05.2018;6.76
04.05.2018;6.81
03.05.2018;6.98
28.04.2018;7.08
27.04.2018;7.02
26.04.2018;7.02
25.04.2018;6.92
24.04.2018;6.83
23.04.2018;6.86
20.04.2018;7.02
19.04.2018;7.02
18.04.2018;7.09
17.04.2018;7.01
16.04.2018;6.99
13.04.2018;7.01
12.04.2018;6.99
11.04.2018;7.03
10.04.2018;7.19
09.04.2018;7.06
06.04.2018;7.02
05.04.2018;6.96
04.04.2018;6.85
03.04.2018;7.01
02.04.2018;7.08
30.03.2018;7.08
29.03.2018;7
28.03.2018;6.9
27.03.2018;7.07
26.03.2018;7.04
23.03.2018;6.93
22.03.2018;7.14
21.03.2018;7.07
20.03.2018;7.14
19.03.2018;7.19
16.03.2018;7.18
15.03.2018;7.07
14.03.2018;7.32
13.03.2018;7.31
12.03.2018;7.28
07.03.2018;7.18
06.03.2018;7.18
05.03.2018;7.28
02.03.2018;7.19
01.03.2018;7.38
28.02.2018;7.45
27.02.2018;7.38
26.02.2018;7.29
22.02.2018;7.23
21.02.2018;7.26
20.02.2018;7.26
19.02.2018;7.24
16.02.2018;7.19
15.02.2018;7.09
14.02.2018;6.95
13.02.2018;6.82
12.02.2018;6.81
09.02.2018;7
08.02.2018;7.05
07.02.2018;7.07
06.02.2018;7.21
05.02.2018;7.14
02.02.2018;7.08
01.02.2018;7.24
31.01.2018;7.16
30.01.2018;7.37
29.01.2018;7.35
26.01.2018;7.25
25.01.2018;7.2
24.01.2018;6.95
23.01.2018;6.97
22.01.2018;7.01
19.01.2018;7.04
18.01.2018;7.06
17.01.2018;7.01
16.01.2018;7.03
15.01.2018;7.04
12.01.2018;6.96
11.01.2018;7.04
10.01.2018;7.11
09.01.2018;6.94
29.12.2017;7.35
28.12.2017;7.29
27.12.2017;7.5
26.12.2017;7.61
25.12.2017;7.76
22.12.2017;7.55
21.12.2017;7.51
20.12.2017;7.51
19.12.2017;7.49
18.12.2017;7.53
15.12.2017;7.85
14.12.2017;7.82
13.12.2017;7.96
12.12.2017;7.96
11.12.2017;7.97
08.12.2017;7.41
07.12.2017;8.1
06.12.2017;8.07
05.12.2017;7.96
04.12.2017;7.89
01.12.2017;8.23
30.11.2017;8.24
29.11.2017;8.24
28.11.2017;8.2
27.11.2017;8.08
24.11.2017;7.98
23.11.2017;7.97
22.11.2017;7.99
21.11.2017;8.02
20.11.2017;8.01
17.11.2017;8.02
16.11.2017;8.01
15.11.2017;7.99
14.11.2017;7.96
13.11.2017;7.89
10.11.2017;7.88
09.11.2017;7.78
08.11.2017;7.8
07.11.2017;7.76
03.11.2017;8.11
02.11.2017;8.25
01.11.2017;8.12
31.10.2017;8.11
30.10.2017;8.07
27.10.2017;7.9
26.10.2017;7.99
25.10.2017;7.91
24.10.2017;7.85
23.10.2017;7.97
20.10.2017;7.75
19.10.2017;7.87
18.10.2017;7.95
17.10.2017;7.93
16.10.2017;7.99
13.10.2017;8.19
12.10.2017;8.2
11.10.2017;7.96
10.10.2017;8.23
09.10.2017;8.32
06.10.2017;8.23
05.10.2017;7.99
04.10.2017;8.05
03.10.2017;8.25
02.10.2017;8.24
29.09.2017;8.47
28.09.2017;8.45
27.09.2017;8.16
26.09.2017;8.01
25.09.2017;8.09
22.09.2017;8.07
21.09.2017;8.07
20.09.2017;8.05
19.09.2017;8.08
18.09.2017;8.03
15.09.2017;8.87
14.09.2017;8.81
13.09.2017;8.26
12.09.2017;8.24
11.09.2017;8.42
08.09.2017;8.39
07.09.2017;8.47
06.09.2017;8.5
05.09.2017;8.67
04.09.2017;8.94
01.09.2017;8.8
31.08.2017;8.71
30.08.2017;8.59
29.08.2017;8.56
28.08.2017;8.57
25.08.2017;8.54
24.08.2017;8.36
23.08.2017;8.4
22.08.2017;8.57
21.08.2017;8.56
18.08.2017;8.56
17.08.2017;8.54
16.08.2017;8.53
15.08.2017;8.34
14.08.2017;8.29
11.08.2017;8.37
10.08.2017;8.56
09.08.2017;8.7
08.08.2017;8.34
07.08.2017;8.31
04.08.2017;8.36
03.08.2017;8.76
02.08.2017;8.84
01.08.2017;8.98
31.07.2017;9.18
28.07.2017;9.14
27.07.2017;9.11
26.07.2017;9.04
25.07.2017;8.96
24.07.2017;8.92
21.07.2017;8.93
20.07.2017;8.93
19.07.2017;8.93
18.07.2017;8.91
17.07.2017;8.94
14.07.2017;8.82
13.07.2017;8.81
12.07.2017;8.82
11.07.2017;8.51
10.07.2017;8.8
07.07.2017;9.01
06.07.2017;9.04
05.07.2017;9.03
04.07.2017;9.04
03.07.2017;9.03
30.06.2017;9.06
29.06.2017;9.14
28.06.2017;9.1
27.06.2017;9.03
26.06.2017;8.88
23.06.2017;8.72
22.06.2017;8.8
21.06.2017;8.97
20.06.2017;9.05
19.06.2017;9.07
16.06.2017;9.24
15.06.2017;9.24
14.06.2017;9.17
13.06.2017;9.09
09.06.2017;9.06
08.06.2017;9.14
07.06.2017;9.12
06.06.2017;9.61
05.06.2017;9.37
02.06.2017;9.21
01.06.2017;9.22
31.05.2017;9.15
30.05.2017;9.2
29.05.2017;9.2
26.05.2017;9.08
25.05.2017;9.13
24.05.2017;9
23.05.2017;9.07
22.05.2017;9.05
19.05.2017;9.09
18.05.2017;9.03
17.05.2017;9.07
16.05.2017;8.92
15.05.2017;8.98
12.05.2017;9
11.05.2017;9.05
10.05.2017;9.26
05.05.2017;9.45
04.05.2017;9.48
03.05.2017;9.34
02.05.2017;9.14
28.04.2017;9.63
27.04.2017;9.59
26.04.2017;9.65
25.04.2017;9.74
24.04.2017;9.57
21.04.2017;9.6
20.04.2017;9.65
19.04.2017;9.65
18.04.2017;9.64
17.04.2017;9.63
14.04.2017;9.63
13.04.2017;9.55
12.04.2017;9.59
11.04.2017;9.37
10.04.2017;9.42
07.04.2017;9.32
06.04.2017;9.25
05.04.2017;9.47
04.04.2017;9.74
03.04.2017;9.84
31.03.2017;9.86
30.03.2017;10
29.03.2017;9.92
28.03.2017;9.78
27.03.2017;9.77
24.03.2017;9.8
23.03.2017;9.95
22.03.2017;9.99
21.03.2017;10
20.03.2017;10
17.03.2017;9.97
16.03.2017;9.96
15.03.2017;10
14.03.2017;10.02
13.03.2017;9.93
10.03.2017;9.96
09.03.2017;9.96
07.03.2017;9.48
06.03.2017;9.69
03.03.2017;9.83
02.03.2017;9.86
01.03.2017;10.02
28.02.2017;10.02
27.02.2017;10.13
22.02.2017;10.05
21.02.2017;10.17
20.02.2017;10.17
17.02.2017;10.27
16.02.2017;10.29
15.02.2017;10.36
14.02.2017;10.15
13.02.2017;10.18
10.02.2017;10.22
09.02.2017;10.22
08.02.2017;10.19
07.02.2017;9.96
06.02.2017;9.82
03.02.2017;9.97
02.02.2017;10.12
01.02.2017;10.25
31.01.2017;10.21
30.01.2017;10.28
27.01.2017;10.28
26.01.2017;10.36
25.01.2017;10.15
24.01.2017;9.88
23.01.2017;9.91
20.01.2017;10.03
19.01.2017;10.21
18.01.2017;10.25
17.01.2017;10.19
16.01.2017;10.2
13.01.2017;10.03
12.01.2017;9.92
11.01.2017;9.95
10.01.2017;9.96
09.01.2017;10.13
30.12.2016;10.13
29.12.2016;10.46
28.12.2016;10.45
27.12.2016;10.3
26.12.2016;10.23
23.12.2016;10.11
22.12.2016;10.12
21.12.2016;10.15
20.12.2016;10.12
19.12.2016;9.83
16.12.2016;10
15.12.2016;10.05
14.12.2016;10.16
13.12.2016;10.18
12.12.2016;10.18
09.12.2016;10.23
08.12.2016;10.2
07.12.2016;10.15
06.12.2016;10.17
05.12.2016;10.2
02.12.2016;10.11
01.12.2016;10
30.11.2016;10.1
29.11.2016;10.21
28.11.2016;10.34
25.11.2016;10.2
24.11.2016;10.07
23.11.2016;10.04
22.11.2016;10.14
21.11.2016;10.2
18.11.2016;10.15
17.11.2016;10.19
16.11.2016;10.12
15.11.2016;10.19
14.11.2016;10.17
11.11.2016;10.09
10.11.2016;10.08
09.11.2016;10.03
08.11.2016;9.42
07.11.2016;9.31
03.11.2016;9.43
02.11.2016;9.77
01.11.2016;10.11
31.10.2016;10.28
28.10.2016;10.28
27.10.2016;10.23
26.10.2016;10.25
25.10.2016;10.31
24.10.2016;10.19
21.10.2016;10.42
20.10.2016;10.34
19.10.2016;10.47
18.10.2016;10.45
17.10.2016;10.39
14.10.2016;10.43
13.10.2016;10.48
12.10.2016;10.44
11.10.2016;10.45
10.10.2016;10.41
07.10.2016;10.35
06.10.2016;10.25
05.10.2016;10.19
04.10.2016;10.18
03.10.2016;10
30.09.2016;10.38
29.09.2016;10.46
28.09.2016;10.24
27.09.2016;10.01
26.09.2016;9.97
23.09.2016;9.68
22.09.2016;9.75
21.09.2016;9.84
20.09.2016;10.16
19.09.2016;10.15
16.09.2016;10.61
15.09.2016;10.62
14.09.2016;10.49
13.09.2016;10.41
12.09.2016;10.38
09.09.2016;10.32
08.09.2016;10.28
07.09.2016;10.25
06.09.2016;10.34
05.09.2016;10.32
02.09.2016;10.29
01.09.2016;10.3
31.08.2016;10.27
30.08.2016;10.3
29.08.2016;10.33
26.08.2016;10.35
25.08.2016;10.25
24.08.2016;10.1
23.08.2016;10.27
22.08.2016;10.36
19.08.2016;10.38
18.08.2016;10.41
17.08.2016;10.42
16.08.2016;10.42
15.08.2016;10.41
12.08.2016;10.38
11.08.2016;10.37
10.08.2016;10.41
09.08.2016;10.4
08.08.2016;10.4
05.08.2016;10.4
04.08.2016;10.41
03.08.2016;10.39
02.08.2016;10.13
01.08.2016;10.25
29.07.2016;10.36
28.07.2016;10.53
27.07.2016;10.51
26.07.2016;10.55
25.07.2016;10.48
22.07.2016;10.31
21.07.2016;10.48
20.07.2016;10.47
19.07.2016;10.47
18.07.2016;10.48
15.07.2016;10.3
14.07.2016;10.38
13.07.2016;10.42
12.07.2016;10.37
11.07.2016;10.33
08.07.2016;10.36
07.07.2016;10.32
06.07.2016;10.3
05.07.2016;10.13
04.07.2016;10.11
01.07.2016;10.3
30.06.2016;10.42
29.06.2016;10.48
28.06.2016;10.54
27.06.2016;10.45
24.06.2016;10.1
23.06.2016;10.2
22.06.2016;10.29
21.06.2016;10.31
20.06.2016;10.41
17.06.2016;10.42
16.06.2016;10.51
15.06.2016;10.6
14.06.2016;10.38
10.06.2016;10.74
09.06.2016;10.86
08.06.2016;11.01
07.06.2016;10.75
06.06.2016;11.01
03.06.2016;11.28
02.06.2016;11.34
01.06.2016;11.32
31.05.2016;11.29
30.05.2016;11.26
27.05.2016;11.25
26.05.2016;11.21
25.05.2016;11.28
24.05.2016;11.29
23.05.2016;11.21
20.05.2016;11.23
19.05.2016;11.18
18.05.2016;11.17
17.05.2016;11.19
16.05.2016;11.31
13.05.2016;11.13
12.05.2016;10.99
11.05.2016;10.47
10.05.2016;10.32
06.05.2016;10.48
05.05.2016;10.94
04.05.2016;11
29.04.2016;10.98
28.04.2016;10.81
27.04.2016;10.58
26.04.2016;10.62
25.04.2016;10.65
22.04.2016;10.39
21.04.2016;10.41
20.04.2016;10.66
19.04.2016;10.95
18.04.2016;10.95
15.04.2016;10.9
14.04.2016;10.77
13.04.2016;10.66
12.04.2016;10.77
11.04.2016;10.8
08.04.2016;10.86
07.04.2016;10.85
06.04.2016;10.78
05.04.2016;10.41
04.04.2016;10.56
01.04.2016;11.03
31.03.2016;11.31
30.03.2016;11.14
29.03.2016;11.09
28.03.2016;11.17
25.03.2016;11.06
24.03.2016;10.75
23.03.2016;10.66
22.03.2016;10.73
21.03.2016;10.82
18.03.2016;10.8
17.03.2016;10.94
16.03.2016;10.99
15.03.2016;11.08
14.03.2016;10.96
11.03.2016;10.93
10.03.2016;10.87
09.03.2016;10.88
04.03.2016;10.83
03.03.2016;10.98
02.03.2016;10.89
01.03.2016;10.87
29.02.2016;10.82
26.02.2016;11.01
25.02.2016;11.01
24.02.2016;10.88
20.02.2016;10.91
19.02.2016;10.99
18.02.2016;10.93
17.02.2016;11.04
16.02.2016;10.86
15.02.2016;10.72
12.02.2016;10.73
11.02.2016;10.68
10.02.2016;10.82
09.02.2016;10.5
08.02.2016;10.66
05.02.2016;10.82
04.02.2016;10.95
03.02.2016;10.93
02.02.2016;10.67
01.02.2016;10.92
29.01.2016;11.12
28.01.2016;11.04
27.01.2016;11.09
26.01.2016;11.01
25.01.2016;11.03
22.01.2016;10.97
21.01.2016;11.01
20.01.2016;11
19.01.2016;11.05
18.01.2016;11.03
15.01.2016;10.98
14.01.2016;11.07
13.01.2016;11.05
12.01.2016;10.93
11.01.2016;10.88
31.12.2015;7.76
30.12.2015;11.05
29.12.2015;11.09
28.12.2015;10.8
25.12.2015;11.14
24.12.2015;10.87
23.12.2015;10.89
22.12.2015;11.06
21.12.2015;11.21
18.12.2015;11.32
17.12.2015;11.37
16.12.2015;11.24
15.12.2015;11.44
14.12.2015;11.49
11.12.2015;11.51
10.12.2015;11.55
09.12.2015;11.32
08.12.2015;11.78
07.12.2015;11.45
04.12.2015;11
03.12.2015;10.86
02.12.2015;11.1
01.12.2015;11.23
30.11.2015;11.31
27.11.2015;11.42
26.11.2015;11.47
25.11.2015;11.27
24.11.2015;11.55
23.11.2015;11.42
20.11.2015;11.59
19.11.2015;11.58
18.11.2015;11.59
17.11.2015;11.62
16.11.2015;11.48
13.11.2015;11.52
12.11.2015;11.53
11.11.2015;11.38
10.11.2015;11.46
09.11.2015;10.9
06.11.2015;11.4
05.11.2015;11.3
03.11.2015;11.36
02.11.2015;11.35
30.10.2015;11.35
29.10.2015;11.35
28.10.2015;11.48
27.10.2015;11.38
26.10.2015;11.47
23.10.2015;11.42
22.10.2015;11.32
21.10.2015;11.35
20.10.2015;11.34
19.10.2015;11.33
16.10.2015;11.41
15.10.2015;11.32
14.10.2015;11.27
13.10.2015;11.36
12.10.2015;11.04
09.10.2015;10.49
08.10.2015;10.41
07.10.2015;10.31
06.10.2015;10.28
05.10.2015;10.8
02.10.2015;11.34
01.10.2015;11.28
30.09.2015;11.52
29.09.2015;11.34
28.09.2015;11.44
25.09.2015;11.47
24.09.2015;11.05
23.09.2015;11.31
22.09.2015;11.68
21.09.2015;11.56
18.09.2015;11.45
17.09.2015;11.45
16.09.2015;11.61
15.09.2015;11.7
14.09.2015;11.57
11.09.2015;11.17
10.09.2015;10.65
09.09.2015;10.32
08.09.2015;10.53
07.09.2015;10.52
04.09.2015;10.62
03.09.2015;10.72
02.09.2015;10.66
01.09.2015;10.88
31.08.2015;11.15
28.08.2015;11.16
27.08.2015;11.24
26.08.2015;11.25
25.08.2015;11.27
24.08.2015;11.11
21.08.2015;11.06
20.08.2015;11.08
19.08.2015;11.2
18.08.2015;11.19
17.08.2015;11.19
14.08.2015;11.22
13.08.2015;10.86
12.08.2015;10.65
11.08.2015;10.63
10.08.2015;10.44
07.08.2015;10.15
06.08.2015;10.24
05.08.2015;10.2
04.08.2015;10.22
03.08.2015;10.51
31.07.2015;11.21
30.07.2015;10.99
29.07.2015;11.29
28.07.2015;11.6
27.07.2015;11.64
24.07.2015;10.96
23.07.2015;10.98
22.07.2015;11.74
21.07.2015;12.16
20.07.2015;12.19
17.07.2015;12.17
16.07.2015;12.14
15.07.2015;12.06
14.07.2015;11.86
13.07.2015;11.93
10.07.2015;11.56
09.07.2015;10.77
08.07.2015;10.75
07.07.2015;10.68
06.07.2015;11.01
03.07.2015;11.39
02.07.2015;11.9
01.07.2015;12.08
30.06.2015;12.31
29.06.2015;12.26
26.06.2015;12.17
25.06.2015;12.15
24.06.2015;12.04
23.06.2015;11.93
22.06.2015;12.05
19.06.2015;12.04
18.06.2015;12.16
17.06.2015;12.11
16.06.2015;12.13
15.06.2015;12.75
11.06.2015;12.69
10.06.2015;12.99
09.06.2015;13.12
08.06.2015;13.18
05.06.2015;13.13
04.06.2015;13.11
03.06.2015;12.81
02.06.2015;12.6
01.06.2015;12.84
29.05.2015;13.15
28.05.2015;12.96
27.05.2015;13.01
26.05.2015;13.13
25.05.2015;12.74
22.05.2015;12.2
21.05.2015;12.13
20.05.2015;12.65
19.05.2015;13.18
18.05.2015;13.26
15.05.2015;13.22
14.05.2015;13.12
13.05.2015;13.02
12.05.2015;12.72
08.05.2015;11.91
07.05.2015;12.46
06.05.2015;12.89
05.05.2015;13.16
30.04.2015;14.61
29.04.2015;14.78
28.04.2015;14.51
27.04.2015;14.56
24.04.2015;14
23.04.2015;13.67
22.04.2015;14.44
21.04.2015;14.84
20.04.2015;14.88
17.04.2015;14.8
16.04.2015;14.78
15.04.2015;14.68
14.04.2015;14.67
13.04.2015;14.48
10.04.2015;14.1
09.04.2015;13.6
08.04.2015;13.76
07.04.2015;13.75
06.04.2015;14.1
03.04.2015;14.22
02.04.2015;14.27
01.04.2015;14.37
31.03.2015;14.68
30.03.2015;14.71
27.03.2015;14.75
26.03.2015;14.72
25.03.2015;14.72
24.03.2015;14.53
23.03.2015;14.5
20.03.2015;14.6
19.03.2015;14.79
18.03.2015;14.8
17.03.2015;14.44
16.03.2015;14.14
13.03.2015;14.42
12.03.2015;14.88
11.03.2015;15.23
10.03.2015;15.4
06.03.2015;15.16
05.03.2015;15.54
04.03.2015;15.59
03.03.2015;15.66
02.03.2015;15.7
27.02.2015;15.5
26.02.2015;15.61
25.02.2015;15.31
24.02.2015;15.19
20.02.2015;15.03
19.02.2015;15.07
18.02.2015;15.06
17.02.2015;15.3
16.02.2015;15.1
13.02.2015;15.22
12.02.2015;15.19
11.02.2015;15.34
10.02.2015;15.38
09.02.2015;14.9
06.02.2015;14.75
05.02.2015;14.63
04.02.2015;14.81
03.02.2015;14.87
02.02.2015;14.95
30.01.2015;16.64
29.01.2015;16.73
28.01.2015;16.96
27.01.2015;17.23
26.01.2015;16.81
23.01.2015;16.75
22.01.2015;16.93
21.01.2015;16.99
20.01.2015;16.99
19.01.2015;16.95
16.01.2015;16.84
15.01.2015;17.08
14.01.2015;17.05
13.01.2015;17
12.01.2015;17.52
31.12.2014;16.08
30.12.2014;17.07
29.12.2014;17.32
26.12.2014;17.01
25.12.2014;16.9
24.12.2014;18.38
23.12.2014;20.21
22.12.2014;23.71
19.12.2014;24.03
18.12.2014;28.25
17.12.2014;22.08
16.12.2014;19.85
15.12.2014;11.88
12.12.2014;11.77
11.12.2014;11.6
10.12.2014;10.66
09.12.2014;10.28
08.12.2014;10.11
05.12.2014;9.71
04.12.2014;9.38
03.12.2014;9.42
02.12.2014;9.8
01.12.2014;10.28
28.11.2014;10.66
27.11.2014;10.44
26.11.2014;10.6
25.11.2014;10.91
24.11.2014;10.73
21.11.2014;10.56
20.11.2014;10.25
19.11.2014;10.04
18.11.2014;9.89
17.11.2014;9.93
14.11.2014;9.69
13.11.2014;9.79
12.11.2014;10.09
11.11.2014;9.9
10.11.2014;10.01
07.11.2014;9.79
06.11.2014;10.22
05.11.2014;10.3
31.10.2014;9.1
30.10.2014;8.78
29.10.2014;8.78
28.10.2014;8.72
27.10.2014;8.63
24.10.2014;8.55
23.10.2014;8.57
22.10.2014;8.45
21.10.2014;8.61
20.10.2014;8.62
17.10.2014;8.42
16.10.2014;8.57
15.10.2014;8.63
14.10.2014;8.5
13.10.2014;8.17
10.10.2014;8.08
09.10.2014;7.5
08.10.2014;7.49
07.10.2014;7.24
06.10.2014;7.25
03.10.2014;7.31
02.10.2014;7.68
01.10.2014;7.88
30.09.2014;8.09
29.09.2014;8.01
26.09.2014;8.1
25.09.2014;7.92
24.09.2014;7.88
23.09.2014;8.05
22.09.2014;8.2
19.09.2014;7.97
18.09.2014;8.38
17.09.2014;8.8
16.09.2014;8.56
15.09.2014;8.18
12.09.2014;8.04
11.09.2014;7.83
10.09.2014;7.65
09.09.2014;7.22
08.09.2014;7.28
05.09.2014;7.36
04.09.2014;7.51
03.09.2014;7.76
02.09.2014;7.97
01.09.2014;8.12
29.08.2014;8.14
28.08.2014;8.14
27.08.2014;8.14
26.08.2014;8.36
25.08.2014;8.33
22.08.2014;8.1
21.08.2014;8.06
20.08.2014;8.16
19.08.2014;8.28
18.08.2014;7.77
15.08.2014;7.44
14.08.2014;7.49
13.08.2014;7.85
12.08.2014;8.19
11.08.2014;8.26
08.08.2014;7.47
07.08.2014;7.4
06.08.2014;7.47
05.08.2014;7.34
04.08.2014;7.42
01.08.2014;7.61
31.07.2014;8.17
30.07.2014;8.64
29.07.2014;8.89
28.07.2014;8.98
25.07.2014;8.42
24.07.2014;8.18
23.07.2014;8.36
22.07.2014;8.56
21.07.2014;8.63
18.07.2014;8.4
17.07.2014;8.2
16.07.2014;8.29
15.07.2014;8.51
14.07.2014;8.42
11.07.2014;8.37
10.07.2014;7.94
09.07.2014;6.99
08.07.2014;7.5
07.07.2014;7.75
04.07.2014;7.25
03.07.2014;7.34
02.07.2014;7.94
01.07.2014;8.23
30.06.2014;8.64
27.06.2014;8.39
26.06.2014;8.44
25.06.2014;8.43
24.06.2014;8.31
23.06.2014;8.36
20.06.2014;8.34
19.06.2014;8.31
18.06.2014;8.37
17.06.2014;8.46
16.06.2014;8.43
11.06.2014;8.39
10.06.2014;8.44
09.06.2014;8.43
06.06.2014;7.99
05.06.2014;7.84
04.06.2014;7.68
03.06.2014;7.41
02.06.2014;7.77
30.05.2014;8.18
29.05.2014;8.31
28.05.2014;8.19
27.05.2014;7.99
26.05.2014;8.13
23.05.2014;7.62
22.05.2014;8.39
21.05.2014;8.48
20.05.2014;8.5
19.05.2014;8.43
16.05.2014;8.35
15.05.2014;8.29
14.05.2014;8.27
13.05.2014;8.32
12.05.2014;8.36
08.05.2014;7.06
07.05.2014;8.23
06.05.2014;8.49
05.05.2014;8.49
30.04.2014;8.67
29.04.2014;8.53
28.04.2014;8.54
25.04.2014;8.05
24.04.2014;7.87
23.04.2014;7.88
22.04.2014;7.89
21.04.2014;7.92
18.04.2014;7.84
17.04.2014;7.8
16.04.2014;7.78
15.04.2014;7.84
14.04.2014;7.81
11.04.2014;7.68
10.04.2014;7.42
09.04.2014;6.82
08.04.2014;7.69
07.04.2014;7.8
04.04.2014;7.8
03.04.2014;7.83
02.04.2014;7.81
01.04.2014;7.97
31.03.2014;8.18
28.03.2014;8.04
27.03.2014;8.04
26.03.2014;8.04
25.03.2014;8.07
24.03.2014;7.9
21.03.2014;8.02
20.03.2014;7.95
19.03.2014;7.88
18.03.2014;7.75
17.03.2014;7.61
14.03.2014;7.48
13.03.2014;7.95
12.03.2014;7.9
11.03.2014;7.86
07.03.2014;7.49
06.03.2014;7.64
05.03.2014;7.76
04.03.2014;7.72
03.03.2014;7.62
28.02.2014;6.32
27.02.2014;6.26
26.02.2014;6.26
25.02.2014;6.34
24.02.2014;6.09
21.02.2014;6.25
20.02.2014;6.11
19.02.2014;6
18.02.2014;6.08
17.02.2014;6.21
14.02.2014;5.91
13.02.2014;5.58
12.02.2014;5.89
11.02.2014;6.08
10.02.2014;5.6
07.02.2014;4.92
06.02.2014;5.57
05.02.2014;5.9
04.02.2014;6.21
03.02.2014;6.29
31.01.2014;6.28
30.01.2014;6.33
29.01.2014;6.23
28.01.2014;6.21
27.01.2014;6.3
24.01.2014;6.15
23.01.2014;6.21
22.01.2014;6.3
21.01.2014;6.17
20.01.2014;6.1
17.01.2014;5.88
16.01.2014;5.69
15.01.2014;5.62
14.01.2014;5.87
13.01.2014;6.23
10.01.2014;5.75
09.01.2014;5.64
31.12.2013;4.74
30.12.2013;6.4
27.12.2013;6.56
26.12.2013;6.67
25.12.2013;6.69
24.12.2013;6.48
23.12.2013;6.52
20.12.2013;6.52
19.12.2013;6.51
18.12.2013;6.51
17.12.2013;6.52
16.12.2013;6.45
13.12.2013;6.46
12.12.2013;6.45
11.12.2013;6.46
10.12.2013;6.47
09.12.2013;6.39
06.12.2013;6.43
05.12.2013;6.29
04.12.2013;6.33
03.12.2013;6.43
02.12.2013;6.46
29.11.2013;6.47
28.11.2013;6.47
27.11.2013;6.35
26.11.2013;6.39
25.11.2013;6.37
22.11.2013;6.27
21.11.2013;6.2
20.11.2013;6.17
19.11.2013;6.15
18.11.2013;6.15
15.11.2013;6.08
14.11.2013;6.08
13.11.2013;5.99
12.11.2013;5.9
11.11.2013;5.8
08.11.2013;5.76
07.11.2013;6.3
06.11.2013;6.35
05.11.2013;6.32
01.11.2013;6.51
31.10.2013;6.38
30.10.2013;6.38
29.10.2013;6.39
28.10.2013;6.39
25.10.2013;6.31
24.10.2013;6.16
23.10.2013;6.21
22.10.2013;6.25
21.10.2013;6.2
18.10.2013;6.1
17.10.2013;6.17
16.10.2013;6.22
15.10.2013;6.23
14.10.2013;6.31
11.10.2013;6.05
10.10.2013;5.99
09.10.2013;5.74
08.10.2013;4.99
07.10.2013;5.14
04.10.2013;5.41
03.10.2013;5.93
02.10.2013;6.05
01.10.2013;6.34
30.09.2013;6.48
27.09.2013;6.45
26.09.2013;6.44
25.09.2013;6.47
24.09.2013;6.45
23.09.2013;6.4
20.09.2013;6.37
19.09.2013;6.32
18.09.2013;6.23
17.09.2013;6.27
16.09.2013;6.19
13.09.2013;6.16
12.09.2013;6.19
11.09.2013;6.13
10.09.2013;6.16
09.09.2013;6.17
06.09.2013;6.15
05.09.2013;6.04
04.09.2013;6.02
03.09.2013;6.04
02.09.2013;6.11
30.08.2013;6.24
29.08.2013;6.36
28.08.2013;6.35
27.08.2013;6.35
26.08.2013;6.24
23.08.2013;6.06
22.08.2013;6.05
21.08.2013;6.09
20.08.2013;6.13
19.08.2013;6.16
16.08.2013;6.13
15.08.2013;6.19
14.08.2013;6.14
13.08.2013;6.02
12.08.2013;5.96
09.08.2013;5.79
08.08.2013;5.89
07.08.2013;5.92
06.08.2013;6.07
05.08.2013;6.1
02.08.2013;6.07
01.08.2013;6.2
31.07.2013;6.26
30.07.2013;6.29
29.07.2013;6.38
26.07.2013;6.37
25.07.2013;6.29
24.07.2013;6.08
23.07.2013;6.08
22.07.2013;6.12
19.07.2013;6
18.07.2013;6.07
17.07.2013;6.11
16.07.2013;6.19
15.07.2013;6.2
12.07.2013;6.1
11.07.2013;6.03
10.07.2013;5.85
09.07.2013;5.73
08.07.2013;5.63
05.07.2013;5.68
04.07.2013;5.78
03.07.2013;5.94
02.07.2013;6.19
01.07.2013;6.37
28.06.2013;6.51
27.06.2013;6.49
26.06.2013;6.45
25.06.2013;6.5
24.06.2013;6.42
21.06.2013;6.39
20.06.2013;6.34
19.06.2013;6.24
18.06.2013;6.23
17.06.2013;6.24
14.06.2013;6.18
13.06.2013;6.17
11.06.2013;6.14
10.06.2013;6.13
07.06.2013;5.89
06.06.2013;6.2
05.06.2013;6.32
04.06.2013;6.41
03.06.2013;6.4
31.05.2013;6.35
30.05.2013;6.34
29.05.2013;6.36
28.05.2013;6.38
27.05.2013;6.4
24.05.2013;6.31
23.05.2013;6.39
22.05.2013;6.37
21.05.2013;6.39
20.05.2013;6.38
17.05.2013;6.33
16.05.2013;6.35
15.05.2013;6.36
14.05.2013;6.34
13.05.2013;6.42
08.05.2013;6.26
07.05.2013;6.39
06.05.2013;6.59
30.04.2013;6.65
29.04.2013;6.59
26.04.2013;6.52
25.04.2013;6.59
24.04.2013;6.51
23.04.2013;6.44
22.04.2013;6.42
19.04.2013;6.32
18.04.2013;6.28
17.04.2013;6.23
16.04.2013;6.21
15.04.2013;6.1
12.04.2013;5.96
11.04.2013;6.02
10.04.2013;6.07
09.04.2013;6.25
08.04.2013;5.97
05.04.2013;5.74
04.04.2013;5.82
03.04.2013;5.98
02.04.2013;6
01.04.2013;6.1
29.03.2013;6.27
28.03.2013;6.17
27.03.2013;6.07
26.03.2013;6.19
25.03.2013;6.2
22.03.2013;5.95
21.03.2013;5.79
20.03.2013;5.92
19.03.2013;5.79
18.03.2013;5.96
15.03.2013;5.8
14.03.2013;5.86
13.03.2013;5.68
12.03.2013;5.86
11.03.2013;6.16
07.03.2013;6.44
06.03.2013;6.34
05.03.2013;6.14
04.03.2013;6.01
01.03.2013;5.97
28.02.2013;6.18
27.02.2013;5.96
26.02.2013;6.04
25.02.2013;6.18
22.02.2013;6.13
21.02.2013;6.05
20.02.2013;5.91
19.02.2013;5.97
18.02.2013;6.03
15.02.2013;5.72
14.02.2013;5.67
13.02.2013;5.45
12.02.2013;5.3
11.02.2013;5.26
08.02.2013;4.91
07.02.2013;5.05
06.02.2013;5.23
05.02.2013;5.23
04.02.2013;5.34
01.02.2013;5.55
31.01.2013;5.94
30.01.2013;5.78
29.01.2013;5.89
28.01.2013;6.21
25.01.2013;5.73
24.01.2013;4.93
23.01.2013;5.05
22.01.2013;5.44
21.01.2013;5.51
18.01.2013;5.35
17.01.2013;5.6
16.01.2013;5.27
15.01.2013;4.9
14.01.2013;4.94
11.01.2013;4.9
10.01.2013;5.02
09.01.2013;5.69
29.12.2012;4.59
28.12.2012;5.54
27.12.2012;6.29
26.12.2012;6.15
25.12.2012;6.06
24.12.2012;6.16
21.12.2012;6.32
20.12.2012;6.43
19.12.2012;6.4
18.12.2012;6.44
17.12.2012;6.35
14.12.2012;6.41
13.12.2012;6.21
12.12.2012;6.26
11.12.2012;6.35
10.12.2012;6.32
07.12.2012;5.9
06.12.2012;6.14
05.12.2012;6.37
04.12.2012;6.4
03.12.2012;6.42
30.11.2012;6.46
29.11.2012;6.29
28.11.2012;6.48
27.11.2012;6.43
26.11.2012;6.34
23.11.2012;5.96
22.11.2012;5.88
21.11.2012;5.86
20.11.2012;6.09
19.11.2012;6.18
16.11.2012;6.23
15.11.2012;6.31
14.11.2012;6.43
13.11.2012;6.15
12.11.2012;5.95
09.11.2012;5.61
08.11.2012;5.58
07.11.2012;5.86
06.11.2012;6.1
02.11.2012;6.01
01.11.2012;6.29
31.10.2012;6.5
30.10.2012;6.43
29.10.2012;6.42
26.10.2012;6.32
25.10.2012;6.44
24.10.2012;6.29
23.10.2012;6.25
22.10.2012;6.13
19.10.2012;5.78
18.10.2012;5.8
17.10.2012;5.98
16.10.2012;6.23
15.10.2012;6.25
12.10.2012;6.22
11.10.2012;6.33
10.10.2012;6.25
09.10.2012;6
08.10.2012;5.9
05.10.2012;5.61
04.10.2012;5.82
03.10.2012;5.57
02.10.2012;5.74
01.10.2012;5.98
28.09.2012;6.32
27.09.2012;6.22
26.09.2012;6.25
25.09.2012;6.42
24.09.2012;6.11
21.09.2012;5.59
20.09.2012;5.64
19.09.2012;5.44
18.09.2012;5.76
17.09.2012;5.87
14.09.2012;5.61
13.09.2012;5.27
12.09.2012;5.11
11.09.2012;5.26
10.09.2012;5.49
07.09.2012;4.83
06.09.2012;5.13
05.09.2012;5.11
04.09.2012;4.47
03.09.2012;4.59
31.08.2012;4.81
30.08.2012;5.27
29.08.2012;5.29
28.08.2012;5.54
27.08.2012;5.75
24.08.2012;4.79
23.08.2012;4.84
22.08.2012;5.23
21.08.2012;5.55
20.08.2012;5.49
17.08.2012;4.9
16.08.2012;5.15
15.08.2012;5.56
14.08.2012;5.79
13.08.2012;5.86
10.08.2012;5.4
09.08.2012;4.61
08.08.2012;5.24
07.08.2012;5.61
06.08.2012;5.41
03.08.2012;5.47
02.08.2012;5.6
01.08.2012;5.53
31.07.2012;6.02
30.07.2012;5.84
27.07.2012;5.75
26.07.2012;5.94
25.07.2012;5.92
24.07.2012;5.85
23.07.2012;5.66
20.07.2012;5.4
19.07.2012;5.37
18.07.2012;5.58
17.07.2012;5.59
16.07.2012;5.57
13.07.2012;5.63
12.07.2012;5.9
11.07.2012;5.42
10.07.2012;5.5
09.07.2012;5.7
06.07.2012;5.32
05.07.2012;5.3
04.07.2012;5.22
03.07.2012;5.27
02.07.2012;5.58
29.06.2012;6.15
28.06.2012;6.11
27.06.2012;6.13
26.06.2012;6.17
25.06.2012;5.91
22.06.2012;5.87
21.06.2012;5.65
20.06.2012;5.66
19.06.2012;5.47
18.06.2012;5.63
15.06.2012;6.2
14.06.2012;6.38
13.06.2012;6.05
09.06.2012;5.31
08.06.2012;5.63
07.06.2012;6.06
06.06.2012;5.29
05.06.2012;5.22
04.06.2012;5.14
01.06.2012;5.44
31.05.2012;6.23
30.05.2012;6.34
29.05.2012;6.45
28.05.2012;6.14
25.05.2012;6.35
24.05.2012;5.72
23.05.2012;5.38
22.05.2012;5.5
21.05.2012;5.9
18.05.2012;5.92
17.05.2012;5.79
16.05.2012;5.58
15.05.2012;5.4
14.05.2012;5.52
12.05.2012;5.22
11.05.2012;5.77
10.05.2012;6.04
05.05.2012;5.1
04.05.2012;5.42
03.05.2012;5.84
02.05.2012;6.08
28.04.2012;6.05
27.04.2012;6.32
26.04.2012;6.01
25.04.2012;5.74
24.04.2012;5.69
23.04.2012;5.5
20.04.2012;5.48
19.04.2012;5.33
18.04.2012;5.21
17.04.2012;5.44
16.04.2012;5.47
13.04.2012;5.44
12.04.2012;5.44
11.04.2012;5.08
10.04.2012;4.77
09.04.2012;4.41
06.04.2012;4.51
05.04.2012;4.53
04.04.2012;4.76
03.04.2012;5.25
02.04.2012;5.76
30.03.2012;5.66
29.03.2012;5.69
28.03.2012;5.72
27.03.2012;5.68
26.03.2012;5.9
23.03.2012;5.09
22.03.2012;5.05
21.03.2012;5.26
20.03.2012;5.4
19.03.2012;5.27
16.03.2012;5.19
15.03.2012;5
14.03.2012;4.87
13.03.2012;5.04
12.03.2012;5.16
11.03.2012;4.73
07.03.2012;4.61
06.03.2012;4.56
05.03.2012;4.46
02.03.2012;4.48
01.03.2012;4.66
29.02.2012;5.24
28.02.2012;5.02
27.02.2012;4.43
24.02.2012;4.33
22.02.2012;4.36
21.02.2012;4.42
20.02.2012;4.43
17.02.2012;4.32
16.02.2012;4.32
15.02.2012;4.34
14.02.2012;4.34
13.02.2012;4.32
10.02.2012;4.24
09.02.2012;4.23
08.02.2012;4.23
07.02.2012;4.24
06.02.2012;4.28
03.02.2012;4.26
02.02.2012;4.35
01.02.2012;4.46
31.01.2012;4.82
30.01.2012;5.56
27.01.2012;5.66
26.01.2012;5.68
25.01.2012;5.54
24.01.2012;5.1
23.01.2012;4.67
20.01.2012;4.6
19.01.2012;4.52
18.01.2012;4.56
17.01.2012;4.51
16.01.2012;4.39
13.01.2012;4.37
12.01.2012;4.41
11.01.2012;4.44
10.01.2012;4.55
30.12.2011;4.54
29.12.2011;5.11
28.12.2011;5.65
27.12.2011;5.75
26.12.2011;5.92
23.12.2011;5.72
22.12.2011;5.84
21.12.2011;6.04
20.12.2011;6
19.12.2011;5.16
16.12.2011;5.05
15.12.2011;5.33
14.12.2011;5.19
13.12.2011;5.94
12.12.2011;5.61
09.12.2011;5.13
08.12.2011;5.44
07.12.2011;5.29
06.12.2011;5.19
05.12.2011;5.04
02.12.2011;4.99
01.12.2011;5.02
30.11.2011;5.39
29.11.2011;5.59
28.11.2011;5.52
25.11.2011;5.45
24.11.2011;5.09
23.11.2011;4.93
22.11.2011;4.9
21.11.2011;4.97
18.11.2011;4.84
17.11.2011;4.96
16.11.2011;4.96
15.11.2011;5.14
14.11.2011;5.15
11.11.2011;5.06
10.11.2011;5.08
09.11.2011;4.69
08.11.2011;4.98
07.11.2011;4.83
03.11.2011;4.74
02.11.2011;4.8
01.11.2011;5.07
31.10.2011;5.61
28.10.2011;5.18
27.10.2011;5.07
26.10.2011;5.26
25.10.2011;5.53
24.10.2011;5.27
21.10.2011;5.1
20.10.2011;5.19
19.10.2011;4.96
18.10.2011;5.1
17.10.2011;5.05
14.10.2011;5
13.10.2011;4.82
12.10.2011;4.86
11.10.2011;5.37
10.10.2011;4.47
07.10.2011;4.14
06.10.2011;4.15
05.10.2011;4.25
04.10.2011;4.37
03.10.2011;4.77
30.09.2011;5.19
29.09.2011;4.92
28.09.2011;5.09
27.09.2011;5.23
26.09.2011;5.02
23.09.2011;4.62
22.09.2011;4.76
21.09.2011;4.49
20.09.2011;4.8
19.09.2011;5.05
16.09.2011;4.91
15.09.2011;4.94
14.09.2011;4.19
13.09.2011;4.04
12.09.2011;4.03
09.09.2011;3.7
08.09.2011;3.72
07.09.2011;3.73
06.09.2011;3.77
05.09.2011;3.76
02.09.2011;3.76
01.09.2011;3.82
31.08.2011;3.99
30.08.2011;4.68
29.08.2011;4.81
26.08.2011;4.21
25.08.2011;3.94
24.08.2011;3.8
23.08.2011;3.8
22.08.2011;3.82
19.08.2011;3.76
18.08.2011;3.75
17.08.2011;3.76
16.08.2011;3.78
15.08.2011;3.77
12.08.2011;3.76
11.08.2011;3.74
10.08.2011;3.79
09.08.2011;3.83
08.08.2011;3.78
05.08.2011;3.77
04.08.2011;3.83
03.08.2011;3.89
02.08.2011;4.01
01.08.2011;4.29
29.07.2011;4.84
28.07.2011;4.67
27.07.2011;4.35
26.07.2011;4.05
25.07.2011;3.98
22.07.2011;3.75
21.07.2011;3.77
20.07.2011;3.78
19.07.2011;3.72
18.07.2011;3.69
15.07.2011;3.65
14.07.2011;3.66
13.07.2011;3.68
12.07.2011;3.67
11.07.2011;3.65
08.07.2011;3.59
07.07.2011;3.64
06.07.2011;3.65
05.07.2011;3.71
04.07.2011;3.7
01.07.2011;3.62
30.06.2011;3.78
29.06.2011;3.73
28.06.2011;3.78
27.06.2011;3.74
24.06.2011;3.67
23.06.2011;3.7
22.06.2011;3.69
21.06.2011;3.73
20.06.2011;3.73
17.06.2011;3.69
16.06.2011;3.73
15.06.2011;3.7
14.06.2011;3.69
10.06.2011;3.69
09.06.2011;3.68
08.06.2011;3.68
07.06.2011;3.69
06.06.2011;3.66
03.06.2011;3.65
02.06.2011;3.73
01.06.2011;3.77
31.05.2011;4.09
30.05.2011;4.28
27.05.2011;4.65
26.05.2011;3.94
25.05.2011;3.75
24.05.2011;3.57
23.05.2011;3.59
20.05.2011;3.75
19.05.2011;3.54
18.05.2011;3.5
17.05.2011;3.46
16.05.2011;3.49
13.05.2011;3.43
12.05.2011;3.46
11.05.2011;3.41
10.05.2011;3.46
06.05.2011;3.42
05.05.2011;3.41
04.05.2011;3.78
03.05.2011;4.68
29.04.2011;4.64
28.04.2011;3.91
27.04.2011;3.34
26.04.2011;3.34
25.04.2011;3.26
22.04.2011;3.15
21.04.2011;3.16
20.04.2011;3.16
19.04.2011;3.12
18.04.2011;3.13
15.04.2011;3.07
14.04.2011;3.1
13.04.2011;3.06
12.04.2011;3.06
11.04.2011;3.06
08.04.2011;2.88
07.04.2011;3.04
06.04.2011;3.04
05.04.2011;3.05
04.04.2011;3.08
01.04.2011;2.92
31.03.2011;3.1
30.03.2011;3.13
29.03.2011;3.11
28.03.2011;3.14
25.03.2011;3.09
24.03.2011;3.07
23.03.2011;3.05
22.03.2011;3.13
21.03.2011;3.12
18.03.2011;3
17.03.2011;3.11
16.03.2011;3.1
15.03.2011;3.1
14.03.2011;3.13
11.03.2011;3.05
10.03.2011;3.13
09.03.2011;3.14
05.03.2011;2.79
04.03.2011;2.89
03.03.2011;3.1
02.03.2011;3.14
01.03.2011;3.16
28.02.2011;3.27
25.02.2011;2.93
24.02.2011;2.79
22.02.2011;2.84
21.02.2011;2.9
18.02.2011;2.74
17.02.2011;2.78
16.02.2011;2.85
15.02.2011;2.94
14.02.2011;2.87
11.02.2011;2.75
10.02.2011;2.75
09.02.2011;2.69
08.02.2011;2.75
07.02.2011;2.69
04.02.2011;2.78
03.02.2011;2.86
02.02.2011;2.72
01.02.2011;2.58
31.01.2011;2.77
28.01.2011;2.81
27.01.2011;2.69
26.01.2011;2.73
25.01.2011;2.83
24.01.2011;2.86
21.01.2011;2.74
20.01.2011;2.77
19.01.2011;2.6
18.01.2011;2.62
17.01.2011;2.73
14.01.2011;2.67
13.01.2011;2.63
12.01.2011;2.64
11.01.2011;2.61
31.12.2010;1.19
30.12.2010;2.9
29.12.2010;2.9
28.12.2010;3.41
27.12.2010;3.76
24.12.2010;2.93
23.12.2010;2.83
22.12.2010;2.84
21.12.2010;2.8
20.12.2010;2.8
17.12.2010;2.72
16.12.2010;2.78
15.12.2010;3.09
14.12.2010;3.19
13.12.2010;3
10.12.2010;2.94
09.12.2010;2.7
08.12.2010;2.85
07.12.2010;2.93
06.12.2010;2.87
03.12.2010;2.83
02.12.2010;2.92
01.12.2010;3.3
30.11.2010;4.58
29.11.2010;4.27
26.11.2010;3.28
25.11.2010;3.37
24.11.2010;2.95
23.11.2010;3.06
22.11.2010;3.37
19.11.2010;2.93
18.11.2010;2.76
17.11.2010;2.72
16.11.2010;2.74
15.11.2010;2.79
13.11.2010;2.65
12.11.2010;2.74
11.11.2010;2.7
10.11.2010;2.78
09.11.2010;2.68
08.11.2010;2.83
03.11.2010;2.81
02.11.2010;2.81
01.11.2010;2.92
29.10.2010;3.11
28.10.2010;2.93
27.10.2010;2.97
26.10.2010;3.2
25.10.2010;3.14
22.10.2010;2.77
21.10.2010;2.8
20.10.2010;2.74
19.10.2010;2.58
18.10.2010;2.66
15.10.2010;2.58
14.10.2010;2.5
13.10.2010;2.61
12.10.2010;2.53
11.10.2010;2.54
08.10.2010;2.53
07.10.2010;2.37
06.10.2010;2.42
05.10.2010;2.5
04.10.2010;2.48
01.10.2010;2.54
30.09.2010;2.66
29.09.2010;2.82
28.09.2010;2.9
27.09.2010;2.92
24.09.2010;2.69
23.09.2010;2.67
22.09.2010;2.66
21.09.2010;2.62
20.09.2010;2.72
17.09.2010;2.67
16.09.2010;2.54
15.09.2010;2.79
14.09.2010;2.65
13.09.2010;2.72
10.09.2010;2.62
09.09.2010;2.2
08.09.2010;2.55
07.09.2010;2.51
06.09.2010;2.55
03.09.2010;2.52
02.09.2010;2.36
01.09.2010;2.52
31.08.2010;2.66
30.08.2010;2.73
27.08.2010;2.64
26.08.2010;2.53
25.08.2010;2.67
24.08.2010;2.65
23.08.2010;2.6
20.08.2010;2.56
19.08.2010;2.26
18.08.2010;2.57
17.08.2010;2.59
16.08.2010;2.69
13.08.2010;2.69
12.08.2010;2.4
11.08.2010;2.65
10.08.2010;2.58
09.08.2010;2.53
06.08.2010;2.67
05.08.2010;2.44
04.08.2010;2.52
03.08.2010;2.64
02.08.2010;2.44
30.07.2010;2.71
29.07.2010;2.91
28.07.2010;3.3
27.07.2010;2.91
26.07.2010;3.08
23.07.2010;2.67
22.07.2010;2.4
21.07.2010;2.69
20.07.2010;2.62
19.07.2010;2.6
16.07.2010;2.61
15.07.2010;2.57
14.07.2010;2.6
13.07.2010;2.52
12.07.2010;2.52
09.07.2010;2.46
08.07.2010;2.43
07.07.2010;2.47
06.07.2010;2.57
05.07.2010;2.51
02.07.2010;2.37
01.07.2010;2.13
30.06.2010;2.32
29.06.2010;2.75
28.06.2010;3.37
25.06.2010;2.62
24.06.2010;2.31
23.06.2010;2.4
22.06.2010;2.55
21.06.2010;2.68
18.06.2010;2.64
17.06.2010;2.34
16.06.2010;2.61
15.06.2010;2.49
11.06.2010;2.54
10.06.2010;2.44
09.06.2010;2.61
08.06.2010;2.57
07.06.2010;2.59
04.06.2010;2.36
03.06.2010;2.35
02.06.2010;2.45
01.06.2010;2.63
31.05.2010;2.8
28.05.2010;2.71
27.05.2010;2.68
26.05.2010;2.68
25.05.2010;2.75
24.05.2010;2.72
21.05.2010;2.77
20.05.2010;2.77
19.05.2010;2.89
18.05.2010;2.86
17.05.2010;2.91
14.05.2010;2.42
13.05.2010;2.63
12.05.2010;2.53
11.05.2010;2.78
07.05.2010;2.59
06.05.2010;2.92
05.05.2010;2.88
04.05.2010;2.91
30.04.2010;2.8
29.04.2010;3.85
28.04.2010;3.68
27.04.2010;3.41
26.04.2010;3.31
23.04.2010;3.32
22.04.2010;3.38
21.04.2010;3.38
20.04.2010;3.43
19.04.2010;3.24
16.04.2010;3.52
15.04.2010;3.5
14.04.2010;3.22
13.04.2010;3.2
12.04.2010;3.02
09.04.2010;2.92
08.04.2010;3.12
07.04.2010;2.99
06.04.2010;3.02
05.04.2010;3.28
02.04.2010;3.32
01.04.2010;3.26
31.03.2010;3.72
30.03.2010;4.02
29.03.2010;4.21
26.03.2010;3.99
25.03.2010;4.22
24.03.2010;3.3
23.03.2010;3.26
22.03.2010;3.3
19.03.2010;3.08
18.03.2010;3.43
17.03.2010;3.56
16.03.2010;3.75
15.03.2010;3.61
12.03.2010;2.94
11.03.2010;3.01
10.03.2010;3.25
09.03.2010;3.42
05.03.2010;3.8
04.03.2010;3.46
03.03.2010;3.4
02.03.2010;3.38
01.03.2010;3.67
27.02.2010;3.01
26.02.2010;3.94
25.02.2010;4.23
24.02.2010;3.72
19.02.2010;3.76
18.02.2010;4.05
17.02.2010;4.77
16.02.2010;3.81
15.02.2010;4.08
12.02.2010;3.75
11.02.2010;3.67
10.02.2010;3.79
09.02.2010;3.69
08.02.2010;3.87
05.02.2010;3.81
04.02.2010;3.65
03.02.2010;3.71
02.02.2010;3.75
01.02.2010;3.75
29.01.2010;4.11
28.01.2010;4.26
27.01.2010;4.42
26.01.2010;4.43
25.01.2010;5.25
22.01.2010;5.4
21.01.2010;4.04
20.01.2010;4.14
19.01.2010;3.57
18.01.2010;3.38
15.01.2010;4.23
14.01.2010;3.56
13.01.2010;3.34
12.01.2010;2.95
11.01.2010;2.99
31.12.2009;0.69
30.12.2009;4.03
29.12.2009;4.77
28.12.2009;5.97
25.12.2009;5.9
24.12.2009;5.44
23.12.2009;4.37
22.12.2009;4.53
21.12.2009;4.76
18.12.2009;4.82
17.12.2009;5.4
16.12.2009;6.13
15.12.2009;7.13
14.12.2009;4.84
11.12.2009;4.26
10.12.2009;4.39
09.12.2009;4.91
08.12.2009;5.92
07.12.2009;4.88
04.12.2009;4.18
03.12.2009;4.34
02.12.2009;4.53
01.12.2009;5.01
30.11.2009;5.6
27.11.2009;5.42
26.11.2009;5.28
25.11.2009;6.63
24.11.2009;5.8
23.11.2009;5.11
20.11.2009;4.68
19.11.2009;4.94
18.11.2009;5.38
17.11.2009;5.19
16.11.2009;5.08
13.11.2009;4.81
12.11.2009;4.8
11.11.2009;4.87
10.11.2009;4.95
09.11.2009;4.98
06.11.2009;4.99
05.11.2009;5.29
03.11.2009;5.14
02.11.2009;5.42
30.10.2009;6.48
29.10.2009;6.67
28.10.2009;5.73
27.10.2009;5.76
26.10.2009;6
23.10.2009;5.63
22.10.2009;6.15
21.10.2009;5.61
20.10.2009;5.46
19.10.2009;5.47
16.10.2009;5.45
15.10.2009;6.01
14.10.2009;6.17
13.10.2009;5.87
12.10.2009;5.52
09.10.2009;5.06
08.10.2009;5.55
07.10.2009;5.95
06.10.2009;5.96
05.10.2009;5.85
02.10.2009;5.81
01.10.2009;5.68
30.09.2009;6.51
29.09.2009;7.93
28.09.2009;7.68
25.09.2009;7.74
24.09.2009;7.71
23.09.2009;7.68
22.09.2009;7.5
21.09.2009;7.47
18.09.2009;6.69
17.09.2009;6.85
16.09.2009;7.68
15.09.2009;8.11
14.09.2009;7.84
11.09.2009;7.78
10.09.2009;7.26
09.09.2009;7.23
08.09.2009;7.73
07.09.2009;6.8
04.09.2009;7.21
03.09.2009;6.15
02.09.2009;5.97
01.09.2009;6
31.08.2009;6.26
28.08.2009;6.64
27.08.2009;6.95
26.08.2009;6.98
25.08.2009;8.6
24.08.2009;6.79
21.08.2009;6.3
20.08.2009;6.7
19.08.2009;7.5
18.08.2009;7.52
17.08.2009;6.46
14.08.2009;6.11
13.08.2009;6.05
12.08.2009;6.64
11.08.2009;6.25
10.08.2009;6.16
07.08.2009;6.37
06.08.2009;6.22
05.08.2009;6.22
04.08.2009;5.9
03.08.2009;6.1
31.07.2009;5.99
30.07.2009;6.89
29.07.2009;7.44
28.07.2009;6.64
27.07.2009;6.2
24.07.2009;6.34
23.07.2009;6.47
22.07.2009;6.54
21.07.2009;6.39
20.07.2009;6.17
17.07.2009;6.23
16.07.2009;6.25
15.07.2009;6.21
14.07.2009;6.37
13.07.2009;6.88
10.07.2009;7.09
09.07.2009;6.47
08.07.2009;6.7
07.07.2009;6.3
06.07.2009;6.25
03.07.2009;6.23
02.07.2009;6.29
01.07.2009;6.19
30.06.2009;6.28
29.06.2009;6.4
26.06.2009;6.55
25.06.2009;6.65
24.06.2009;6.38
23.06.2009;6.96
22.06.2009;7.22
19.06.2009;6.44
18.06.2009;6.87
17.06.2009;7.6
16.06.2009;7.5
15.06.2009;7.2
11.06.2009;6.56
10.06.2009;6.36
09.06.2009;6.82
08.06.2009;6.64
05.06.2009;6.71
04.06.2009;6.75
03.06.2009;6.89
02.06.2009;6.27
01.06.2009;6.6
29.05.2009;7.07
28.05.2009;6.96
27.05.2009;6.49
26.05.2009;6.7
25.05.2009;7.62
22.05.2009;6.78
21.05.2009;6.69
20.05.2009;6.83
19.05.2009;7.43
18.05.2009;8.23
15.05.2009;6.89
14.05.2009;6.82
13.05.2009;6.98
12.05.2009;6.76
08.05.2009;7.42
07.05.2009;7.55
06.05.2009;6.54
05.05.2009;6.96
04.05.2009;7.49
30.04.2009;8.74
29.04.2009;10.97
28.04.2009;10.34
27.04.2009;8.57
24.04.2009;7.51
23.04.2009;8.22
22.04.2009;9.05
21.04.2009;9.92
20.04.2009;8.96
17.04.2009;8.38
16.04.2009;8.09
15.04.2009;7.79
14.04.2009;7.81
13.04.2009;8.13
10.04.2009;8.24
09.04.2009;8.2
08.04.2009;8.08
07.04.2009;8.4
06.04.2009;8.65
03.04.2009;8.28
02.04.2009;7.97
01.04.2009;8.44
31.03.2009;10.62
30.03.2009;10.32
27.03.2009;8.45
26.03.2009;8.09
25.03.2009;8.09
24.03.2009;8.3
23.03.2009;8.45
20.03.2009;8.59
19.03.2009;8.75
18.03.2009;8.16
17.03.2009;7.77
16.03.2009;7.76
13.03.2009;8.58
12.03.2009;8.36
11.03.2009;8.5
10.03.2009;8.28
06.03.2009;8.78
05.03.2009;8.45
04.03.2009;8.3
03.03.2009;8.46
02.03.2009;10.07
27.02.2009;9.21
26.02.2009;8.73
25.02.2009;9.87
24.02.2009;10.73
20.02.2009;9.05
19.02.2009;8.91
18.02.2009;9.21
17.02.2009;9.74
16.02.2009;9.71
13.02.2009;9.45
12.02.2009;9.17
11.02.2009;9.13
10.02.2009;8.95
09.02.2009;8.23
06.02.2009;8.47
05.02.2009;8.17
04.02.2009;8.32
03.02.2009;9.88
02.02.2009;10.94
30.01.2009;14.53
29.01.2009;13.84
28.01.2009;14.41
27.01.2009;24.08
26.01.2009;22.81
23.01.2009;27.95
22.01.2009;27.68
21.01.2009;27.56
20.01.2009;26.34
19.01.2009;13.45
16.01.2009;15.48
15.01.2009;10.41
14.01.2009;9.77
13.01.2009;8.97
12.01.2009;8.02
11.01.2009;5.55
31.12.2008;18.37
30.12.2008;14.71
29.12.2008;8.87
26.12.2008;8.54
25.12.2008;8.86
24.12.2008;8
23.12.2008;7.29
22.12.2008;7.68
19.12.2008;7.41
18.12.2008;7.87
17.12.2008;8.04
16.12.2008;8.91
15.12.2008;8.58
12.12.2008;7.8
11.12.2008;8.96
10.12.2008;7.8
09.12.2008;7.46
08.12.2008;7.04
05.12.2008;10.22
04.12.2008;7.59
03.12.2008;7.22
02.12.2008;8.5
01.12.2008;8.65
28.11.2008;9.43
27.11.2008;5.84
26.11.2008;6.5
25.11.2008;9.51
24.11.2008;9.46
21.11.2008;6.38
20.11.2008;6.96
19.11.2008;8.78
18.11.2008;17.03
17.11.2008;21.54
14.11.2008;8.45
13.11.2008;7.61
12.11.2008;10.83
11.11.2008;5.54
10.11.2008;6.35
07.11.2008;6.08
06.11.2008;8.09
05.11.2008;9.23
01.11.2008;7.03
31.10.2008;8.22
30.10.2008;7.31
29.10.2008;7.22
28.10.2008;7.14
27.10.2008;8.06
24.10.2008;7.57
23.10.2008;6.51
22.10.2008;6.48
21.10.2008;8.2
20.10.2008;13.43
17.10.2008;9.19
16.10.2008;9.73
15.10.2008;8.81
14.10.2008;7.37
13.10.2008;8.39
10.10.2008;8.91
09.10.2008;9.15
08.10.2008;9.23
07.10.2008;7.45
06.10.2008;6.03
03.10.2008;4.59
02.10.2008;4.62
01.10.2008;5.25
30.09.2008;7.36
29.09.2008;7.49
26.09.2008;6.56
25.09.2008;5.67
24.09.2008;4.46
23.09.2008;5.22
22.09.2008;7.22
19.09.2008;7.6
18.09.2008;10.29
17.09.2008;10.77
16.09.2008;12.63
15.09.2008;9.38
12.09.2008;8.24
11.09.2008;7.82
10.09.2008;8.22
09.09.2008;7.84
08.09.2008;7.3
05.09.2008;6.44
04.09.2008;5.37
03.09.2008;5.52
02.09.2008;6.06
01.09.2008;6.32
29.08.2008;7.35
28.08.2008;8.12
27.08.2008;7.4
26.08.2008;6.97
25.08.2008;7
22.08.2008;5.66
21.08.2008;5.59
20.08.2008;5.75
19.08.2008;5.54
18.08.2008;5.56
15.08.2008;5.5
14.08.2008;5.65
13.08.2008;5.97
12.08.2008;7
11.08.2008;8.01
08.08.2008;5.12
07.08.2008;4.49
06.08.2008;4.34
05.08.2008;4.27
04.08.2008;4.29
01.08.2008;4.31
31.07.2008;4.77
30.07.2008;5.86
29.07.2008;7.23
28.07.2008;7.27
25.07.2008;4.44
24.07.2008;3.91
23.07.2008;4.23
22.07.2008;4.21
21.07.2008;3.99
18.07.2008;3.78
17.07.2008;3.7
16.07.2008;3.63
15.07.2008;3.67
14.07.2008;3.68
11.07.2008;3.44
10.07.2008;3.65
09.07.2008;3.68
08.07.2008;3.61
07.07.2008;3.49
04.07.2008;3.56
03.07.2008;3.66
02.07.2008;3.48
01.07.2008;3.36
30.06.2008;3.49
27.06.2008;3.17
26.06.2008;3.22
25.06.2008;3.16
24.06.2008;3.09
23.06.2008;3.23
20.06.2008;3.63
19.06.2008;3.68
18.06.2008;3.72
17.06.2008;4.31
16.06.2008;5
11.06.2008;4.26
10.06.2008;3.85
09.06.2008;3.65
07.06.2008;3.45
06.06.2008;3.49
05.06.2008;3.61
04.06.2008;3.55
03.06.2008;3.7
02.06.2008;3.63
30.05.2008;3.98
29.05.2008;3.95
28.05.2008;4.25
27.05.2008;3.74
26.05.2008;3.58
23.05.2008;3.2
22.05.2008;2.92
21.05.2008;2.93
20.05.2008;3.54
19.05.2008;4.08
16.05.2008;3.93
15.05.2008;3.86
14.05.2008;3.78
13.05.2008;3.89
12.05.2008;3.9
08.05.2008;3.62
07.05.2008;3.61
06.05.2008;3.57
05.05.2008;3.77
04.05.2008;4.03
30.04.2008;6.11
29.04.2008;7.63
28.04.2008;4.66
25.04.2008;3.65
24.04.2008;3.91
23.04.2008;4.16
22.04.2008;4.17
21.04.2008;4.42
18.04.2008;3.09
17.04.2008;3.47
16.04.2008;3.76
15.04.2008;4.1
14.04.2008;3.93
11.04.2008;3.83
10.04.2008;3.77
09.04.2008;3.8
08.04.2008;3.89
07.04.2008;3.82
04.04.2008;3.74
03.04.2008;3.82
02.04.2008;3.9
01.04.2008;4.19
31.03.2008;5.94
28.03.2008;6.29
27.03.2008;6.11
26.03.2008;5.2
25.03.2008;4.54
24.03.2008;3.4
21.03.2008;3.43
20.03.2008;3.63
19.03.2008;3.55
18.03.2008;4.6
17.03.2008;4.97
14.03.2008;3.78
13.03.2008;3.68
12.03.2008;3.95
11.03.2008;4.14
07.03.2008;4.06
06.03.2008;3.78
05.03.2008;3.73
04.03.2008;4.07
03.03.2008;4.4
29.02.2008;6.71
28.02.2008;6.68
27.02.2008;5.42
26.02.2008;5.17
22.02.2008;4.13
21.02.2008;4.05
20.02.2008;4.39
19.02.2008;4.52
18.02.2008;4.53
15.02.2008;4.66
14.02.2008;4.07
13.02.2008;4.1
12.02.2008;4.68
11.02.2008;4.68
08.02.2008;3.66
07.02.2008;3.03
06.02.2008;3
05.02.2008;3.03
04.02.2008;3.1
01.02.2008;2.52
31.01.2008;2.87
30.01.2008;2.81
29.01.2008;4.58
28.01.2008;4.26
25.01.2008;2.8
24.01.2008;2.15
23.01.2008;2.3
22.01.2008;3.19
21.01.2008;2.33
18.01.2008;2.17
17.01.2008;2.1
16.01.2008;2.17
15.01.2008;2.46
14.01.2008;2.28
11.01.2008;1.9
10.01.2008;1.47
09.01.2008;2.77
29.12.2007;2.84
28.12.2007;3.57
27.12.2007;2.63
26.12.2007;3.83
25.12.2007;4.97
24.12.2007;3.24
21.12.2007;3.28
20.12.2007;4.27
19.12.2007;3.42
18.12.2007;3.99
17.12.2007;4.33
14.12.2007;4.43
13.12.2007;3.47
12.12.2007;3.17
11.12.2007;3.72
10.12.2007;3.79
07.12.2007;3.93
06.12.2007;4.47
05.12.2007;5.25
04.12.2007;6.32
03.12.2007;6.69
30.11.2007;6.27
29.11.2007;7.05
28.11.2007;7.98
27.11.2007;7.73
26.11.2007;7.43
23.11.2007;5.8
22.11.2007;5.67
21.11.2007;5.77
20.11.2007;5.27
19.11.2007;5.39
16.11.2007;5.89
15.11.2007;5.99
14.11.2007;5.26
13.11.2007;5.36
12.11.2007;5.41
09.11.2007;5.82
08.11.2007;7.16
07.11.2007;7.12
06.11.2007;6.69
02.11.2007;6.87
01.11.2007;7.28
31.10.2007;8.07
30.10.2007;8.32
29.10.2007;7.98
26.10.2007;7.47
25.10.2007;6.81
24.10.2007;5.16
23.10.2007;4.55
22.10.2007;4.95
19.10.2007;4.35
18.10.2007;4.35
17.10.2007;4.49
16.10.2007;3.97
15.10.2007;4.05
12.10.2007;4.26
11.10.2007;6.06
10.10.2007;5.59
09.10.2007;4.83
08.10.2007;5.68
05.10.2007;6.19
04.10.2007;5.93
03.10.2007;6.1
02.10.2007;6.92
01.10.2007;7.92
28.09.2007;10.09
27.09.2007;7.92
26.09.2007;8.56
25.09.2007;8.36
24.09.2007;7.21
21.09.2007;6.96
20.09.2007;6.51
19.09.2007;5.65
18.09.2007;5.74
17.09.2007;5.21
14.09.2007;5
13.09.2007;5.13
12.09.2007;5.01
11.09.2007;5.36
10.09.2007;5.17
07.09.2007;4.93
06.09.2007;4.88
05.09.2007;5.2
04.09.2007;5.27
03.09.2007;5.27
31.08.2007;6.94
30.08.2007;6.71
29.08.2007;7
28.08.2007;8
27.08.2007;8.6
24.08.2007;7.45
23.08.2007;7.4
22.08.2007;7
21.08.2007;6.28
20.08.2007;5.82
17.08.2007;5.79
16.08.2007;6.42
15.08.2007;4.27
14.08.2007;3.52
13.08.2007;3.15
10.08.2007;3.25
09.08.2007;2.93
08.08.2007;3.03
07.08.2007;3.41
06.08.2007;3.21
03.08.2007;3.2
02.08.2007;3.27
01.08.2007;3.34
31.07.2007;4.55
30.07.2007;3.99
27.07.2007;3.69
26.07.2007;3.73
25.07.2007;4.08
24.07.2007;4.22
23.07.2007;4.05
20.07.2007;4.11
19.07.2007;3.43
18.07.2007;3.24
17.07.2007;3.42
16.07.2007;3.52
13.07.2007;3.36
12.07.2007;3.32
11.07.2007;3.15
10.07.2007;3.35
09.07.2007;3.38
06.07.2007;2.64
05.07.2007;2.15
04.07.2007;2.35
03.07.2007;2.32
02.07.2007;2.48
29.06.2007;3.28
28.06.2007;3.02
27.06.2007;3.75
26.06.2007;4.41
25.06.2007;4.56
22.06.2007;4.24
21.06.2007;3.75
20.06.2007;3.46
19.06.2007;3.39
18.06.2007;3.5
15.06.2007;3.41
14.06.2007;2.92
13.06.2007;2.98
09.06.2007;2.67
08.06.2007;2.91
07.06.2007;2.97
06.06.2007;2.99
05.06.2007;3
04.06.2007;2.97
01.06.2007;3.07
31.05.2007;3.4
30.05.2007;3.14
29.05.2007;3.2
28.05.2007;3.16
25.05.2007;3.47
24.05.2007;3.58
23.05.2007;3.53
22.05.2007;2.78
21.05.2007;2.84
18.05.2007;2.43
17.05.2007;3.12
16.05.2007;3.37
15.05.2007;3.42
14.05.2007;3.28
11.05.2007;3.4
10.05.2007;4
08.05.2007;3.4
07.05.2007;3.39
04.05.2007;3.6
03.05.2007;3.44
02.05.2007;3.62
28.04.2007;3.89
27.04.2007;4.29
26.04.2007;3.63
25.04.2007;3.71
24.04.2007;2.89
23.04.2007;3.25
20.04.2007;4.37
19.04.2007;3.33
18.04.2007;3
17.04.2007;3.51
16.04.2007;3.31
13.04.2007;3.15
12.04.2007;3.44
11.04.2007;2.95
10.04.2007;3.14
09.04.2007;3.01
06.04.2007;3.43
05.04.2007;3.52
04.04.2007;3.34
03.04.2007;2.96
02.04.2007;3.03
30.03.2007;4.8
29.03.2007;4.9
28.03.2007;2.82
27.03.2007;2.49
26.03.2007;3.63
23.03.2007;5.22
22.03.2007;5.26
21.03.2007;5.43
20.03.2007;5.69
19.03.2007;4.43
16.03.2007;5.37
15.03.2007;7.45
14.03.2007;6.19
13.03.2007;4.57
12.03.2007;4.32
09.03.2007;5.01
07.03.2007;5.02
06.03.2007;4.3
05.03.2007;5.44
02.03.2007;6.17
01.03.2007;4.86
28.02.2007;6.15
27.02.2007;5.55
26.02.2007;6.18
22.02.2007;5.76
21.02.2007;4.64
20.02.2007;3.64
19.02.2007;2.97
16.02.2007;3.71
15.02.2007;3.29
14.02.2007;2.84
13.02.2007;2.62
12.02.2007;2.92
09.02.2007;3.08
08.02.2007;3.12
07.02.2007;2.13
06.02.2007;2.02
05.02.2007;2.13
02.02.2007;3.15
01.02.2007;3.08
31.01.2007;5.24
30.01.2007;5.79
29.01.2007;4.67
26.01.2007;4.04
25.01.2007;3.92
24.01.2007;2.59
23.01.2007;2.7
22.01.2007;4.01
19.01.2007;2.8
18.01.2007;2.08
17.01.2007;2.24
16.01.2007;2.38
15.01.2007;2.68
12.01.2007;2.36
11.01.2007;2.16
10.01.2007;2.25
09.01.2007;2.72
29.12.2006;3.65
28.12.2006;4.53
27.12.2006;5.48
26.12.2006;7.43
25.12.2006;7.79
22.12.2006;6.06
21.12.2006;4.81
20.12.2006;4.11
19.12.2006;2.76
18.12.2006;3.02
15.12.2006;3.74
14.12.2006;5.41
13.12.2006;5.31
12.12.2006;5.41
11.12.2006;5.27
08.12.2006;4.17
07.12.2006;4.18
06.12.2006;5.55
05.12.2006;5.01
04.12.2006;3.85
01.12.2006;5.29
30.11.2006;7.21
29.11.2006;8.88
28.11.2006;8.94
27.11.2006;6.9
24.11.2006;5.29
23.11.2006;5.46
22.11.2006;5.09
21.11.2006;5.63
20.11.2006;6.49
17.11.2006;5.94
16.11.2006;5.7
15.11.2006;6.54
14.11.2006;5.72
13.11.2006;5.64
10.11.2006;6.85
09.11.2006;5.51
08.11.2006;6.2
07.11.2006;5.98
03.11.2006;6.64
02.11.2006;6.85
01.11.2006;6.81
31.10.2006;9.82
30.10.2006;8.95
27.10.2006;8.17
26.10.2006;6.73
25.10.2006;6.4
24.10.2006;5.54
23.10.2006;5.99
20.10.2006;5.12
19.10.2006;2.84
18.10.2006;2.47
17.10.2006;2.7
16.10.2006;4.06
13.10.2006;3.48
12.10.2006;2.44
11.10.2006;2.53
10.10.2006;2.17
09.10.2006;2.21
06.10.2006;2.87
05.10.2006;2.35
04.10.2006;2.27
03.10.2006;2.22
02.10.2006;2.31
29.09.2006;4.75
28.09.2006;4.46
27.09.2006;3.14
26.09.2006;4.86
25.09.2006;6.67
22.09.2006;4.54
21.09.2006;3.32
20.09.2006;3.16
19.09.2006;3.32
18.09.2006;3.45
15.09.2006;3.62
14.09.2006;2.74
13.09.2006;2.36
12.09.2006;2.49
11.09.2006;2.54
08.09.2006;2.77
07.09.2006;2.6
06.09.2006;2.24
05.09.2006;2.29
04.09.2006;2.33
01.09.2006;2.78
31.08.2006;3.15
30.08.2006;2.11
29.08.2006;2.29
28.08.2006;2.59
25.08.2006;3.25
24.08.2006;2.33
23.08.2006;1.69
22.08.2006;1.59
21.08.2006;1.49
18.08.2006;1.93
17.08.2006;1.78
16.08.2006;1.81
15.08.2006;1.95
14.08.2006;1.82
11.08.2006;2.32
10.08.2006;2.61
09.08.2006;2.72
08.08.2006;2.79
07.08.2006;3.36
04.08.2006;3.1
03.08.2006;2.29
02.08.2006;2.47
01.08.2006;2.1
31.07.2006;5.49
28.07.2006;3.05
27.07.2006;2.16
26.07.2006;1.93
25.07.2006;1.58
24.07.2006;1.37
21.07.2006;1.62
20.07.2006;1.44
19.07.2006;1.25
18.07.2006;1.34
17.07.2006;1.96
14.07.2006;2.63
13.07.2006;2.44
12.07.2006;2.02
11.07.2006;1.89
10.07.2006;2.31
07.07.2006;2.43
06.07.2006;1.73
05.07.2006;1.62
04.07.2006;1.61
03.07.2006;1.82
30.06.2006;5.75
29.06.2006;5.73
28.06.2006;5.95
27.06.2006;5.39
26.06.2006;5.34
23.06.2006;2.23
22.06.2006;1.86
21.06.2006;1.93
20.06.2006;3.62
19.06.2006;2.56
16.06.2006;2.01
15.06.2006;1.55
14.06.2006;1.57
13.06.2006;1.58
09.06.2006;1.93
08.06.2006;1.59
07.06.2006;1.32
06.06.2006;1.19
05.06.2006;0.93
02.06.2006;1.17
01.06.2006;1.24
31.05.2006;1.45
30.05.2006;1.43
29.05.2006;2.09
26.05.2006;2.86
25.05.2006;5.48
24.05.2006;2.71
23.05.2006;2.2
22.05.2006;2.47
19.05.2006;1.96
18.05.2006;1.58
17.05.2006;1.64
16.05.2006;2.39
15.05.2006;2.15
12.05.2006;1.72
11.05.2006;1.65
10.05.2006;1.93
06.05.2006;1.89
05.05.2006;2.39
04.05.2006;1.9
03.05.2006;2.04
02.05.2006;2.53
28.04.2006;7.4
27.04.2006;3.69
26.04.2006;3.73
25.04.2006;5.04
24.04.2006;3.23
21.04.2006;5.45
20.04.2006;4.62
19.04.2006;2.02
18.04.2006;1.85
17.04.2006;2.32
14.04.2006;3.35
13.04.2006;2.21
12.04.2006;2.12
11.04.2006;2.87
10.04.2006;3.58
07.04.2006;4.45
06.04.2006;3.41
05.04.2006;2.37
04.04.2006;2.82
03.04.2006;3.01
31.03.2006;6
30.03.2006;6.19
29.03.2006;8.6
28.03.2006;7.77
27.03.2006;6.27
24.03.2006;3.84
23.03.2006;2.55
22.03.2006;2.44
21.03.2006;2.23
20.03.2006;2.06
17.03.2006;1.29
16.03.2006;1.14
15.03.2006;0.83
14.03.2006;0.93
13.03.2006;1.04
10.03.2006;1.28
09.03.2006;1.18
07.03.2006;1.73
06.03.2006;1.73
03.03.2006;2.37
02.03.2006;2.33
01.03.2006;2.78
28.02.2006;6.31
27.02.2006;4.69
26.02.2006;4.85
22.02.2006;3.76
21.02.2006;2.98
20.02.2006;3.13
17.02.2006;1.21
16.02.2006;1.11
15.02.2006;0.88
14.02.2006;0.83
13.02.2006;1.14
10.02.2006;0.96
09.02.2006;1.41
08.02.2006;3.45
07.02.2006;4.88
06.02.2006;4.77
03.02.2006;2.81
02.02.2006;1.46
01.02.2006;2.73
31.01.2006;8.86
30.01.2006;8.25
27.01.2006;6.82
26.01.2006;6.42
25.01.2006;3.48
24.01.2006;0.78
23.01.2006;0.9
20.01.2006;1.42
19.01.2006;0.93
18.01.2006;0.97
17.01.2006;1
16.01.2006;0.87
13.01.2006;1.03
12.01.2006;1.02
11.01.2006;1.39
10.01.2006;2.66
30.12.2005;4.25
29.12.2005;4.98
28.12.2005;4.29
27.12.2005;4.59
26.12.2005;6.9
23.12.2005;3.39
22.12.2005;3.73
21.12.2005;4.85
20.12.2005;5.69
19.12.2005;4.1
16.12.2005;4.46
15.12.2005;5.17
14.12.2005;6.1
13.12.2005;4.4
12.12.2005;4.1
09.12.2005;3.51
08.12.2005;3.91
07.12.2005;5.38
06.12.2005;5.6
05.12.2005;3.58
02.12.2005;4.31
01.12.2005;5.61
30.11.2005;8.5
29.11.2005;9.19
28.11.2005;8.2
25.11.2005;6.5
24.11.2005;6.33
23.11.2005;5.73
22.11.2005;5.67
21.11.2005;6.82
18.11.2005;5.52
17.11.2005;6.23
16.11.2005;6.81
15.11.2005;7.32
14.11.2005;6.19
11.11.2005;5.52
10.11.2005;4.36
09.11.2005;3.46
08.11.2005;3.37
07.11.2005;4.01
03.11.2005;3.36
02.11.2005;2.32
01.11.2005;5.03
31.10.2005;12.13
28.10.2005;8.06
27.10.2005;7
26.10.2005;6.61
25.10.2005;6.31
24.10.2005;3.16
21.10.2005;1.03
20.10.2005;1.03
19.10.2005;0.9
18.10.2005;1.04
17.10.2005;1.52
14.10.2005;1.4
13.10.2005;0.9
12.10.2005;0.94
11.10.2005;0.95
10.10.2005;0.96
07.10.2005;1.44
06.10.2005;1.17
05.10.2005;0.75
04.10.2005;0.79
03.10.2005;1.07
30.09.2005;2.61
29.09.2005;1.72
28.09.2005;2.01
27.09.2005;0.9
26.09.2005;1.05
23.09.2005;1.53
22.09.2005;1.04
21.09.2005;1.09
20.09.2005;1.08
19.09.2005;1.19
16.09.2005;1.02
15.09.2005;0.93
14.09.2005;0.98
13.09.2005;1.3
12.09.2005;1.29
09.09.2005;2.54
08.09.2005;1.99
07.09.2005;1.24
06.09.2005;1.12
05.09.2005;1.18
02.09.2005;1.08
01.09.2005;1.34
31.08.2005;5.26
30.08.2005;3.53
29.08.2005;5.52
26.08.2005;5.07
25.08.2005;4.99
24.08.2005;1.69
23.08.2005;1.68
22.08.2005;2.73
19.08.2005;2.45
18.08.2005;1.27
17.08.2005;1.14
16.08.2005;1.39
15.08.2005;1.91
12.08.2005;1.58
11.08.2005;1.33
10.08.2005;1.26
09.08.2005;1.69
08.08.2005;2.38
05.08.2005;2.24
04.08.2005;1.76
03.08.2005;1.8
02.08.2005;2.08
01.08.2005;2.3
29.07.2005;4.56
28.07.2005;3.11
27.07.2005;1.84
26.07.2005;3.67
25.07.2005;5.09
22.07.2005;4.06
21.07.2005;7.1
20.07.2005;6.03
19.07.2005;2.6
18.07.2005;2.62
15.07.2005;3.17
14.07.2005;1.95
13.07.2005;1.7
12.07.2005;2.91
11.07.2005;6.08
08.07.2005;4.02
07.07.2005;1.53
06.07.2005;1.55
05.07.2005;1.89
04.07.2005;2.85
01.07.2005;3.5
30.06.2005;7.53
29.06.2005;7.74
28.06.2005;9.69
27.06.2005;7.76
24.06.2005;2.59
23.06.2005;2.83
22.06.2005;5.12
21.06.2005;5.64
20.06.2005;6.79
17.06.2005;2.27
16.06.2005;3.28
15.06.2005;5.73
14.06.2005;4.12
10.06.2005;1.29
09.06.2005;1.21
08.06.2005;1.17
07.06.2005;1.49
06.06.2005;1.77
03.06.2005;1.44
02.06.2005;1.25
01.06.2005;2.06
31.05.2005;5.71
30.05.2005;5.82
27.05.2005;3.24
26.05.2005;4.42
25.05.2005;6.71
24.05.2005;5.77
23.05.2005;4.21
20.05.2005;2.34
19.05.2005;1.22
18.05.2005;1.94
17.05.2005;2.58
16.05.2005;1.99
14.05.2005;1.08
13.05.2005;1.23
12.05.2005;1.05
11.05.2005;1.44
06.05.2005;1.97
05.05.2005;1.15
04.05.2005;1.12
03.05.2005;1.95
29.04.2005;5.54
28.04.2005;1.94
27.04.2005;1.35
26.04.2005;1.62
25.04.2005;1.85
22.04.2005;1.29
21.04.2005;1.2
20.04.2005;1.15
19.04.2005;0.88
18.04.2005;0.89
15.04.2005;0.83
14.04.2005;0.91
13.04.2005;1.04
12.04.2005;1.18
11.04.2005;1.19
08.04.2005;1.16
07.04.2005;1.22
06.04.2005;1.04
05.04.2005;0.98
04.04.2005;0.81
01.04.2005;0.84
31.03.2005;1.49
30.03.2005;1.32
29.03.2005;1.68
28.03.2005;1.62
25.03.2005;1.24
24.03.2005;0.74
23.03.2005;0.78
22.03.2005;0.71
21.03.2005;0.78
18.03.2005;0.68
17.03.2005;0.67
16.03.2005;0.65
15.03.2005;0.67
14.03.2005;1.04
11.03.2005;0.72
10.03.2005;0.77
09.03.2005;0.76
05.03.2005;0.97
04.03.2005;0.86
03.03.2005;0.67
02.03.2005;0.69
01.03.2005;0.73
28.02.2005;0.94
25.02.2005;0.97
24.02.2005;0.91
22.02.2005;1.14
21.02.2005;1.62
18.02.2005;1.04
17.02.2005;1.08
16.02.2005;1.22
15.02.2005;1.44
14.02.2005;1.96
11.02.2005;1.12
10.02.2005;0.88
09.02.2005;0.85
08.02.2005;0.86
07.02.2005;0.73
04.02.2005;0.68
03.02.2005;0.71
02.02.2005;0.66
01.02.2005;0.82
31.01.2005;1.76
28.01.2005;1.43
27.01.2005;0.94
26.01.2005;0.73
25.01.2005;1.02
24.01.2005;2
21.01.2005;0.99
20.01.2005;0.85
19.01.2005;0.92
18.01.2005;0.87
17.01.2005;0.7
14.01.2005;0.69
13.01.2005;0.73
12.01.2005;0.83
11.01.2005;0.94
31.12.2004;1.03
30.12.2004;1.2
29.12.2004;1.13
28.12.2004;0.92
27.12.2004;0.91
24.12.2004;0.74
23.12.2004;0.8
22.12.2004;1.24
21.12.2004;2.01
20.12.2004;1.2
17.12.2004;0.88
16.12.2004;0.91
15.12.2004;1.06
14.12.2004;2.31
10.12.2004;0.84
09.12.2004;0.99
08.12.2004;1.1
07.12.2004;1.14
06.12.2004;1.16
03.12.2004;0.85
02.12.2004;0.98
01.12.2004;1.15
30.11.2004;1.26
29.11.2004;0.87
26.11.2004;0.75
25.11.2004;1.07
24.11.2004;1.27
23.11.2004;1.04
22.11.2004;0.91
19.11.2004;1.16
18.11.2004;1.26
17.11.2004;1.17
16.11.2004;1.18
15.11.2004;1.07
12.11.2004;1.04
11.11.2004;1.21
10.11.2004;1.14
09.11.2004;1.18
05.11.2004;1.08
04.11.2004;0.91
03.11.2004;1.04
02.11.2004;0.94
01.11.2004;1.26
29.10.2004;2.93
28.10.2004;0.96
27.10.2004;0.99
26.10.2004;1.08
25.10.2004;0.97
22.10.2004;1.09
21.10.2004;1.15
20.10.2004;1.1
19.10.2004;0.91
18.10.2004;1.11
15.10.2004;0.97
14.10.2004;1.02
13.10.2004;1.05
12.10.2004;1.34
11.10.2004;1.33
08.10.2004;0.96
07.10.2004;0.84
06.10.2004;1.12
05.10.2004;0.96
04.10.2004;1.1
01.10.2004;1.55
30.09.2004;3.13
29.09.2004;3.78
28.09.2004;5.56
27.09.2004;4.6
24.09.2004;2.31
23.09.2004;1.39
22.09.2004;1.46
21.09.2004;1.25
20.09.2004;1.95
17.09.2004;1.32
16.09.2004;1.16
15.09.2004;0.91
14.09.2004;1.28
13.09.2004;2.28
10.09.2004;2.07
09.09.2004;2.08
08.09.2004;1.74
07.09.2004;3.35
06.09.2004;5.12
03.09.2004;4.23
02.09.2004;6.65
01.09.2004;6.49
31.08.2004;9.86
30.08.2004;9.57
27.08.2004;7.44
26.08.2004;8.26
25.08.2004;6.66
24.08.2004;3.09
23.08.2004;5.02
20.08.2004;3.6
19.08.2004;1.43
18.08.2004;2.14
17.08.2004;3.74
16.08.2004;2.22
13.08.2004;1.24
12.08.2004;1.14
11.08.2004;1.22
10.08.2004;1.37
09.08.2004;1.41
06.08.2004;1.16
05.08.2004;1.99
04.08.2004;1.57
03.08.2004;2.81
02.08.2004;6.44
30.07.2004;9.9
29.07.2004;8.14
28.07.2004;3.9
27.07.2004;2.55
26.07.2004;3.15
23.07.2004;2.61
22.07.2004;2.61
21.07.2004;2.59
20.07.2004;3.51
19.07.2004;2.07
16.07.2004;1.35
15.07.2004;1.6
14.07.2004;1.8
13.07.2004;2.37
12.07.2004;4.18
09.07.2004;6.71
08.07.2004;5.48
07.07.2004;3.11
06.07.2004;2.75
05.07.2004;3.29
02.07.2004;3.42
01.07.2004;5
30.06.2004;11.38
29.06.2004;8.3
28.06.2004;10.1
25.06.2004;5.06
24.06.2004;2.88
23.06.2004;3.04
22.06.2004;3.18
21.06.2004;4.51
18.06.2004;2.96
17.06.2004;4.61
16.06.2004;9.88
15.06.2004;9.5
11.06.2004;6.32
10.06.2004;6.37
09.06.2004;6.95
08.06.2004;12.14
07.06.2004;11.69
04.06.2004;3.22
03.06.2004;2.02
02.06.2004;3.09
01.06.2004;7.32
31.05.2004;21.18
28.05.2004;11.83
27.05.2004;9.97
26.05.2004;13.3
25.05.2004;15.96
24.05.2004;15.06
21.05.2004;15.21
20.05.2004;10.28
19.05.2004;7.53
18.05.2004;9.5
17.05.2004;6.17
14.05.2004;5.58
13.05.2004;5.56
12.05.2004;5.9
11.05.2004;4.25
07.05.2004;3.18
06.05.2004;10.64
05.05.2004;10.33
30.04.2004;17.54
29.04.2004;23.91
28.04.2004;19.43
27.04.2004;14.73
26.04.2004;9.24
23.04.2004;4.8
22.04.2004;5.8
21.04.2004;5.75
20.04.2004;4.17
19.04.2004;2.44
16.04.2004;1.61
15.04.2004;2.08
14.04.2004;2.76
13.04.2004;2.9
12.04.2004;1.94
09.04.2004;1.54
08.04.2004;1.31
07.04.2004;1.25
06.04.2004;1.37
05.04.2004;1.25
02.04.2004;1.33
01.04.2004;1.82
31.03.2004;6.19
30.03.2004;4.3
29.03.2004;2.95
26.03.2004;1.77
25.03.2004;1.24
24.03.2004;1.22
23.03.2004;1.42
22.03.2004;1.35
19.03.2004;1.07
18.03.2004;1.1
17.03.2004;1.15
16.03.2004;1.52
15.03.2004;1.06
12.03.2004;1.15
11.03.2004;1.13
10.03.2004;1.08
09.03.2004;1.22
05.03.2004;1.19
04.03.2004;1.2
03.03.2004;1.2
02.03.2004;1.19
01.03.2004;1.06
27.02.2004;1.76
26.02.2004;1.05
25.02.2004;1.09
24.02.2004;1.05
20.02.2004;1.07
19.02.2004;1.1
18.02.2004;1.02
17.02.2004;1.07
16.02.2004;1.2
13.02.2004;1.15
12.02.2004;1.25
11.02.2004;1.15
10.02.2004;1.23
09.02.2004;1.16
06.02.2004;1.15
05.02.2004;1.2
04.02.2004;1.26
03.02.2004;1.26
02.02.2004;1.26
30.01.2004;2.15
29.01.2004;1.1
28.01.2004;1.17
27.01.2004;1.2
26.01.2004;1.34
23.01.2004;1.18
22.01.2004;1.31
21.01.2004;1.3
20.01.2004;0.96
19.01.2004;1
16.01.2004;0.93
15.01.2004;0.91
14.01.2004;0.85
13.01.2004;0.91
12.01.2004;1.04
09.01.2004;0.8
08.01.2004;0.88
06.01.2004;0.89
05.01.2004;0.86
31.12.2003;2.33
30.12.2003;1.66
29.12.2003;1.07
26.12.2003;1.11
25.12.2003;1.21
24.12.2003;1.26
23.12.2003;1.13
22.12.2003;1.19
19.12.2003;1.25
18.12.2003;1.07
17.12.2003;0.99
16.12.2003;1.36
15.12.2003;1.22
11.12.2003;1.41
10.12.2003;1.52
09.12.2003;1.44
08.12.2003;1.31
05.12.2003;1.12
04.12.2003;1.47
03.12.2003;1.52
02.12.2003;1.98
01.12.2003;2.05
28.11.2003;7.75
27.11.2003;6.32
26.11.2003;5.27
25.11.2003;5.64
24.11.2003;3.99
21.11.2003;2.12
20.11.2003;1.89
19.11.2003;1.97
18.11.2003;2.19
17.11.2003;2.42
14.11.2003;1.82
13.11.2003;1.74
12.11.2003;2.05
11.11.2003;2.46
10.11.2003;3.06
06.11.2003;3.56
05.11.2003;2.16
04.11.2003;2.13
03.11.2003;4.65
31.10.2003;9.76
30.10.2003;7.62
29.10.2003;15.03
28.10.2003;14.84
27.10.2003;7.3
24.10.2003;1.91
23.10.2003;3.16
22.10.2003;6.25
21.10.2003;6.18
20.10.2003;4.31
17.10.2003;1.79
16.10.2003;2.05
15.10.2003;1.78
14.10.2003;1.68
13.10.2003;1.74
10.10.2003;1.71
09.10.2003;3.01
08.10.2003;2.21
07.10.2003;2.78
06.10.2003;2.57
03.10.2003;1.92
02.10.2003;3.21
01.10.2003;7.29
30.09.2003;22.04
29.09.2003;19.06
26.09.2003;15.89
25.09.2003;14.26
24.09.2003;11.97
23.09.2003;10.03
22.09.2003;9.22
19.09.2003;3.24
18.09.2003;4.11
17.09.2003;8.16
16.09.2003;14.58
15.09.2003;13.67
12.09.2003;10.19
11.09.2003;8.98
10.09.2003;10.18
09.09.2003;11.55
08.09.2003;10.21
05.09.2003;8.11
04.09.2003;2.92
03.09.2003;1.42
02.09.2003;1.87
01.09.2003;3.52
29.08.2003;8.18
28.08.2003;5.51
27.08.2003;7.1
26.08.2003;8.9
25.08.2003;10.2
22.08.2003;7.32
21.08.2003;4.38
20.08.2003;4.75
19.08.2003;1.92
18.08.2003;2.31
15.08.2003;1.65
14.08.2003;3.18
13.08.2003;2.22
12.08.2003;1.34
11.08.2003;1.45
08.08.2003;1.4
07.08.2003;1.38
06.08.2003;1.35
05.08.2003;1.3
04.08.2003;1.45
01.08.2003;2.75
31.07.2003;11.52
30.07.2003;9.2
29.07.2003;15.53
28.07.2003;11.41
25.07.2003;4.97
24.07.2003;1.91
23.07.2003;2.59
22.07.2003;2.86
21.07.2003;2.8
18.07.2003;1.56
17.07.2003;1.96
16.07.2003;2.93
15.07.2003;1.71
14.07.2003;1.36
11.07.2003;1.24
10.07.2003;1.12
09.07.2003;1.42
08.07.2003;1.24
07.07.2003;1.23
04.07.2003;1.08
03.07.2003;1.09
02.07.2003;1.1
01.07.2003;1.38
30.06.2003;3.17
27.06.2003;1.64
26.06.2003;1.86
25.06.2003;1.53
24.06.2003;1.24
23.06.2003;1.27
21.06.2003;1.26
20.06.2003;1.36
19.06.2003;1.29
18.06.2003;1.22
17.06.2003;1.33
16.06.2003;1.16
11.06.2003;1.31
10.06.2003;1.09
09.06.2003;1.14
06.06.2003;1.09
05.06.2003;1
04.06.2003;1.06
03.06.2003;1.13
02.06.2003;1.1
30.05.2003;1.81
29.05.2003;1.57
28.05.2003;1.45
27.05.2003;1.1
26.05.2003;1.22
23.05.2003;1.04
22.05.2003;1.34
21.05.2003;1.09
20.05.2003;1.11
19.05.2003;1.13
16.05.2003;1.2
15.05.2003;2.2
14.05.2003;1.41
13.05.2003;1.04
12.05.2003;1.22
08.05.2003;1.26
07.05.2003;1.22
06.05.2003;1.08
05.05.2003;1.35
30.04.2003;3.46
29.04.2003;6.03
28.04.2003;5.15
25.04.2003;3.72
24.04.2003;2.74
23.04.2003;1.63
22.04.2003;1.55
21.04.2003;1.29
18.04.2003;1.1
17.04.2003;1.17
16.04.2003;0.98
15.04.2003;1.07
14.04.2003;1.01
11.04.2003;1.09
10.04.2003;1.07
09.04.2003;1.1
08.04.2003;1.08
07.04.2003;1.11
04.04.2003;1.13
03.04.2003;1.28
02.04.2003;1.19
01.04.2003;1.6
31.03.2003;3.71
28.03.2003;1.99
27.03.2003;2.88
26.03.2003;3.52
25.03.2003;5.09
24.03.2003;4.43
21.03.2003;3.05
20.03.2003;4.35
19.03.2003;4.47
18.03.2003;2.05
17.03.2003;1.87
14.03.2003;1.99
13.03.2003;2.37
12.03.2003;1.33
11.03.2003;1.11
07.03.2003;1.29
06.03.2003;1.79
05.03.2003;1.7
04.03.2003;1.63
03.03.2003;1.88
28.02.2003;2.16
27.02.2003;1.92
26.02.2003;1.89
25.02.2003;1.87
21.02.2003;1.75
20.02.2003;1.85
19.02.2003;1.67
18.02.2003;1.72
17.02.2003;2.4
14.02.2003;1.72
13.02.2003;3.22
12.02.2003;3.17
11.02.2003;3.38
10.02.2003;3.21
07.02.2003;1.76
06.02.2003;3.48
05.02.2003;3.4
04.02.2003;3.4
03.02.2003;3.79
31.01.2003;5.44
30.01.2003;3.98
29.01.2003;4.64
28.01.2003;4.95
27.01.2003;4.61
24.01.2003;2.35
23.01.2003;4.91
22.01.2003;11.28
21.01.2003;22.06
20.01.2003;15.16
17.01.2003;4.08
16.01.2003;12.32
15.01.2003;12.31
13.01.2003;3.04
10.01.2003;1.92
09.01.2003;3.1
08.01.2003;2.3
05.01.2003;1.29
04.01.2003;2.97
31.12.2002;10.11
30.12.2002;9.65
27.12.2002;8.39
26.12.2002;11.36
25.12.2002;9.28
24.12.2002;8.02
23.12.2002;7.39
20.12.2002;2.06
19.12.2002;3.23
18.12.2002;3.42
17.12.2002;3.59
16.12.2002;3.42
15.12.2002;3.58
11.12.2002;1.7
10.12.2002;3.5
09.12.2002;3.46
06.12.2002;1.91
05.12.2002;3.35
04.12.2002;3.36
03.12.2002;3.27
02.12.2002;3.32
29.11.2002;4.68
28.11.2002;3.15
25.11.2002;3.95
22.11.2002;2.24
21.11.2002;4.05
20.11.2002;4.52
19.11.2002;3.77
18.11.2002;3.73
15.11.2002;2.24
14.11.2002;3.63
13.11.2002;3.76
12.11.2002;4.32
11.11.2002;4.48
10.11.2002;4.85
06.11.2002;7
05.11.2002;5.78
04.11.2002;5.58
01.11.2002;2.86
31.10.2002;14.89
30.10.2002;9.6
29.10.2002;20.35
28.10.2002;16.9
25.10.2002;2.64
24.10.2002;5.09
23.10.2002;5.47
22.10.2002;5.77
21.10.2002;4.57
18.10.2002;2.6
17.10.2002;4.37
16.10.2002;4.82
15.10.2002;5.84
14.10.2002;5.37
11.10.2002;3.3
10.10.2002;8.3
09.10.2002;4.34
08.10.2002;4.75
07.10.2002;3.99
04.10.2002;2.43
03.10.2002;3.32
02.10.2002;3.67
01.10.2002;4.82
30.09.2002;17.79
27.09.2002;7.67
26.09.2002;8.67
25.09.2002;6.38
24.09.2002;5.08
23.09.2002;10.22
20.09.2002;3.53
19.09.2002;3.98
18.09.2002;9.66
17.09.2002;11.97
16.09.2002;5.85
13.09.2002;3.17
12.09.2002;3.89
11.09.2002;3.84
10.09.2002;3.95
09.09.2002;3.96
06.09.2002;2.54
05.09.2002;3.6
04.09.2002;3.4
03.09.2002;3.54
02.09.2002;3.43
30.08.2002;5.74
29.08.2002;4.15
28.08.2002;4.65
27.08.2002;5.26
26.08.2002;4.12
23.08.2002;2.6
22.08.2002;4.14
21.08.2002;4.44
20.08.2002;4.97
19.08.2002;4.76
16.08.2002;2.69
15.08.2002;4.1
14.08.2002;4.92
13.08.2002;10.26
12.08.2002;6.36
09.08.2002;3.03
08.08.2002;4.54
07.08.2002;5.16
06.08.2002;6.16
05.08.2002;6.27
02.08.2002;3.48
01.08.2002;4.47
31.07.2002;29.06
30.07.2002;42.7
29.07.2002;37.59
26.07.2002;6.39
25.07.2002;5.8
24.07.2002;13.2
23.07.2002;20.12
22.07.2002;14.6
19.07.2002;4.45
18.07.2002;4.35
17.07.2002;6.64
16.07.2002;28.46
15.07.2002;34.97
12.07.2002;6.96
11.07.2002;5.15
10.07.2002;6.17
09.07.2002;5.38
08.07.2002;5.31
05.07.2002;3.37
04.07.2002;3.81
03.07.2002;3.74
02.07.2002;3.85
01.07.2002;4.09
28.06.2002;14.81
27.06.2002;16.99
26.06.2002;11.08
25.06.2002;6.55
24.06.2002;4.52
21.06.2002;3.48
20.06.2002;4.67
19.06.2002;3.59
18.06.2002;4.25
17.06.2002;5.4
14.06.2002;6.02
13.06.2002;7.38
11.06.2002;7.53
10.06.2002;4.3
07.06.2002;2.33
06.06.2002;3.56
05.06.2002;3.43
04.06.2002;4.33
03.06.2002;3.75
31.05.2002;4.09
30.05.2002;4.27
29.05.2002;4.37
28.05.2002;4.59
27.05.2002;4.42
24.05.2002;2.82
23.05.2002;4.76
22.05.2002;4.91
21.05.2002;6.35
20.05.2002;8.7
18.05.2002;5.53
17.05.2002;7.42
16.05.2002;5.7
15.05.2002;5.46
14.05.2002;4.87
13.05.2002;4.47
08.05.2002;4
07.05.2002;4.68
06.05.2002;5.82
30.04.2002;8.86
29.04.2002;7.1
27.04.2002;5.6
26.04.2002;4.64
25.04.2002;5.13
24.04.2002;7
23.04.2002;14.43
22.04.2002;15.31
19.04.2002;4.98
18.04.2002;6.72
17.04.2002;8.97
16.04.2002;12.01
15.04.2002;14.01
12.04.2002;9.52
11.04.2002;10.65
10.04.2002;14.23
09.04.2002;15.74
08.04.2002;12.67
05.04.2002;7.37
04.04.2002;7.72
03.04.2002;7.1
02.04.2002;7.66
01.04.2002;6.08
29.03.2002;17.79
28.03.2002;20.12
27.03.2002;13.64
26.03.2002;7.25
25.03.2002;9.25
22.03.2002;11
21.03.2002;19.71
20.03.2002;14.36
19.03.2002;8.12
18.03.2002;17.28
15.03.2002;8.15
14.03.2002;17.36
13.03.2002;23.99
12.03.2002;7.04
11.03.2002;8.22
07.03.2002;11.43
06.03.2002;10.3
05.03.2002;10.23
04.03.2002;8.48
01.03.2002;6.67
28.02.2002;39.64
27.02.2002;11.99
26.02.2002;8.51
22.02.2002;15.08
21.02.2002;23.41
20.02.2002;14.17
19.02.2002;7.76
18.02.2002;13.48
15.02.2002;15.67
14.02.2002;22.54
13.02.2002;8.08
12.02.2002;8.11
11.02.2002;7.63
08.02.2002;8.17
07.02.2002;10.37
06.02.2002;5.92
05.02.2002;7.04
04.02.2002;7.01
01.02.2002;6.96
31.01.2002;29.09
30.01.2002;6.36
29.01.2002;9.41
28.01.2002;6.97
25.01.2002;5.47
24.01.2002;15.56
23.01.2002;21.13
22.01.2002;19.81
21.01.2002;13.4
18.01.2002;3.66
17.01.2002;6.53
16.01.2002;8.87
15.01.2002;8.75
14.01.2002;6.68
11.01.2002;3.46
10.01.2002;5.38
09.01.2002;5.18
08.01.2002;5.49
04.01.2002;3.38
03.01.2002;6.83
29.12.2001;24.66
28.12.2001;37.44
27.12.2001;48.55
26.12.2001;39.81
25.12.2001;53.2
24.12.2001;52.84
21.12.2001;47.68
20.12.2001;40.73
19.12.2001;19.95
18.12.2001;16.99
17.12.2001;21.91
14.12.2001;26
13.12.2001;10.63
11.12.2001;5.66
10.12.2001;7.37
07.12.2001;6.92
06.12.2001;8.6
05.12.2001;5.34
04.12.2001;6.38
03.12.2001;9.35
30.11.2001;19.8
29.11.2001;20.06
28.11.2001;14.98
27.11.2001;6.55
26.11.2001;8.2
23.11.2001;5.69
22.11.2001;9.97
21.11.2001;14.75
20.11.2001;9.04
19.11.2001;13.73
16.11.2001;18.7
15.11.2001;9.34
14.11.2001;10.03
13.11.2001;18.06
12.11.2001;11.85
09.11.2001;10.49
08.11.2001;20.86
06.11.2001;31.86
05.11.2001;19.78
02.11.2001;7.29
01.11.2001;8.08
31.10.2001;24.76
30.10.2001;4.33
29.10.2001;4.51
26.10.2001;3.51
25.10.2001;5.63
24.10.2001;5.25
23.10.2001;6.33
22.10.2001;6.37
19.10.2001;3.58
18.10.2001;4.44
17.10.2001;6
16.10.2001;16.2
15.10.2001;14.46
12.10.2001;7.58
11.10.2001;5.57
10.10.2001;5.72
09.10.2001;6.01
08.10.2001;8.24
05.10.2001;3.5
04.10.2001;3.69
03.10.2001;4.13
02.10.2001;5.78
01.10.2001;8.31
28.09.2001;27.88
27.09.2001;15.63
26.09.2001;9.86
25.09.2001;4.92
24.09.2001;5.42
21.09.2001;6.6
20.09.2001;6.16
19.09.2001;4.97
18.09.2001;10.32
17.09.2001;12.41
14.09.2001;12.13
13.09.2001;6.37
12.09.2001;8.26
11.09.2001;9.42
10.09.2001;7.83
07.09.2001;4.41
06.09.2001;4.63
05.09.2001;3.51
04.09.2001;4.26
03.09.2001;4.08
31.08.2001;9.33
30.08.2001;6.08
29.08.2001;5.55
28.08.2001;4.3
27.08.2001;6.38
24.08.2001;3.96
23.08.2001;5.33
22.08.2001;9.55
21.08.2001;9.9
17.08.2001;3.01
16.08.2001;5.12
15.08.2001;8.99
14.08.2001;6.06
13.08.2001;8.06
10.08.2001;3.85
09.08.2001;5.79
08.08.2001;13.79
07.08.2001;16.15
06.08.2001;8.27
03.08.2001;3.26
02.08.2001;5.23
01.08.2001;10.49
31.07.2001;25.3
30.07.2001;6.02
27.07.2001;3.92
26.07.2001;7.46
25.07.2001;5.32
24.07.2001;4.6
23.07.2001;7.84
20.07.2001;3.62
19.07.2001;4.21
18.07.2001;5.37
17.07.2001;10.15
16.07.2001;7.16
13.07.2001;5.49
12.07.2001;5.4
11.07.2001;5.94
10.07.2001;5.77
09.07.2001;4.26
06.07.2001;3.36
05.07.2001;4.03
04.07.2001;3.9
03.07.2001;4.32
02.07.2001;6.33
28.06.2001;11.68
27.06.2001;6.03
26.06.2001;11.45
25.06.2001;10.87
22.06.2001;9.29
21.06.2001;23.04
20.06.2001;12.13
19.06.2001;14.06
18.06.2001;29.93
15.06.2001;22.78
14.06.2001;23.04
13.06.2001;14.34
09.06.2001;5.77
08.06.2001;13.38
07.06.2001;10.38
06.06.2001;6.87
05.06.2001;5.78
04.06.2001;3.75
01.06.2001;4.13
31.05.2001;13.87
30.05.2001;7.42
29.05.2001;6.4
28.05.2001;6.61
25.05.2001;9.02
24.05.2001;7.95
23.05.2001;6.64
22.05.2001;10.16
21.05.2001;5.69
18.05.2001;3.22
17.05.2001;7.33
16.05.2001;9.42
15.05.2001;6.2
14.05.2001;3.17
11.05.2001;2.87
10.05.2001;6.47
08.05.2001;3.88
07.05.2001;3.77
04.05.2001;3.91
03.05.2001;9.3
28.04.2001;24.5
27.04.2001;15.8
26.04.2001;9.17
25.04.2001;4.89
24.04.2001;10.12
23.04.2001;20.8
20.04.2001;10.46
19.04.2001;7.03
18.04.2001;4.23
17.04.2001;6.68
16.04.2001;7.43
13.04.2001;10.43
12.04.2001;6.15
11.04.2001;4.57
10.04.2001;19.15
09.04.2001;15.2
06.04.2001;3.45
05.04.2001;4.45
04.04.2001;3.57
03.04.2001;5.04
02.04.2001;6.85
30.03.2001;15.2
29.03.2001;7.8
28.03.2001;5.23
27.03.2001;6.04
26.03.2001;3.78
23.03.2001;2.9
22.03.2001;3.79
21.03.2001;9.56
20.03.2001;16.39
19.03.2001;8.36
16.03.2001;5.22
15.03.2001;4.37
14.03.2001;3.65
13.03.2001;4.12
12.03.2001;4.74
11.03.2001;5.67
07.03.2001;10.61
06.03.2001;13.7
05.03.2001;5.77
02.03.2001;9.75
01.03.2001;30.83
28.02.2001;54.38
27.02.2001;46.42
26.02.2001;12.69
23.02.2001;6.28
22.02.2001;29.63
21.02.2001;23.24
20.02.2001;9.79
19.02.2001;6.45
16.02.2001;5.62
15.02.2001;7.88
14.02.2001;6.06
13.02.2001;4.41
12.02.2001;3.86
09.02.2001;2.71
08.02.2001;3.69
07.02.2001;3.78
06.02.2001;2.99
05.02.2001;2.77
02.02.2001;2.42
01.02.2001;5.12
31.01.2001;14.12
30.01.2001;14.54
29.01.2001;10.3
26.01.2001;7.43
25.01.2001;7.01
24.01.2001;6.13
23.01.2001;5.46
22.01.2001;3.03
19.01.2001;1.95
18.01.2001;2.77
17.01.2001;2.52
16.01.2001;5.36
15.01.2001;5.88
12.01.2001;2.96
11.01.2001;3.26
10.01.2001;1.79
09.01.2001;1.73
05.01.2001;1.59
04.01.2001;2.28
03.01.2001;4.48
29.12.2000;21.7
28.12.2000;20.6
27.12.2000;34.42
26.12.2000;24.24
25.12.2000;12
22.12.2000;5.18
21.12.2000;6.73
20.12.2000;5.83
19.12.2000;3.78
18.12.2000;5.39
15.12.2000;3.79
14.12.2000;4.51
13.12.2000;3.26
09.12.2000;2.53
08.12.2000;2.4
07.12.2000;2.28
06.12.2000;2.32
05.12.2000;2.45
04.12.2000;2.8
01.12.2000;2.64
30.11.2000;6.69
29.11.2000;4.78
28.11.2000;2.95
27.11.2000;3.3
24.11.2000;2.4
23.11.2000;3.35
22.11.2000;4.71
21.11.2000;6.54
20.11.2000;4.7
17.11.2000;3.39
16.11.2000;9.96
15.11.2000;23.73
14.11.2000;22.59
13.11.2000;8.35
10.11.2000;3.94
09.11.2000;18.73
08.11.2000;14.48
04.11.2000;7.76
03.11.2000;4.36
02.11.2000;4.45
01.11.2000;5.55
31.10.2000;18.42
30.10.2000;11.17
27.10.2000;4.59
26.10.2000;3.47
25.10.2000;5.49
24.10.2000;7.82
23.10.2000;4.84
20.10.2000;2.25
19.10.2000;3.22
18.10.2000;4.47
17.10.2000;9.55
16.10.2000;5.63
13.10.2000;3.15
12.10.2000;3.49
11.10.2000;3.12
10.10.2000;2.81
09.10.2000;2.6
06.10.2000;1.49
05.10.2000;2.56
04.10.2000;2.79
03.10.2000;3.18
02.10.2000;3.12
29.09.2000;9.49
28.09.2000;9.51
27.09.2000;2.98
26.09.2000;2.74
25.09.2000;2.67
22.09.2000;2.47
21.09.2000;3.04
20.09.2000;3.22
19.09.2000;3.35
18.09.2000;3.48
15.09.2000;2.08
14.09.2000;1.99
13.09.2000;2.14
12.09.2000;2.1
11.09.2000;2.1
08.09.2000;1.55
07.09.2000;2.18
06.09.2000;2.43
05.09.2000;2.55
04.09.2000;2.16
01.09.2000;2.57
31.08.2000;8.54
30.08.2000;5.03
29.08.2000;4.09
28.08.2000;3.61
25.08.2000;3.12
24.08.2000;4.53
23.08.2000;5.53
22.08.2000;7.86
21.08.2000;8.6
18.08.2000;6.26
17.08.2000;4.24
16.08.2000;9.01
15.08.2000;7.2
14.08.2000;2.66
11.08.2000;2.35
10.08.2000;3.49
09.08.2000;2.43
08.08.2000;2.2
07.08.2000;1.99
04.08.2000;1.53
03.08.2000;2.5
02.08.2000;2.67
01.08.2000;2.94
