Дата,Цена,Откр.,Макс.,Мин.,Изм. 
21.07.2019,7.130,7.150,7.150,7.130,-0.28
14.07.2019,7.150,7.220,7.220,7.150,-0.97
07.07.2019,7.220,7.410,7.410,7.220,-2.56
30.06.2019,7.410,7.450,7.450,7.410,-0.54
23.06.2019,7.450,7.450,7.450,7.450,0.00
16.06.2019,7.450,7.490,7.490,7.450,-0.53
09.06.2019,7.490,7.610,7.610,7.490,-1.58
02.06.2019,7.610,7.670,7.670,7.610,-0.78
26.05.2019,7.670,7.670,7.670,7.670,0.00
19.05.2019,7.670,7.690,7.850,7.670,-0.26
12.05.2019,7.690,7.720,7.720,7.690,-0.39
05.05.2019,7.720,7.730,7.730,7.720,-0.13
28.04.2019,7.730,7.750,7.750,7.730,-0.26
21.04.2019,7.750,7.750,7.750,7.750,0.00
14.04.2019,7.750,7.750,7.750,7.750,-0.13
07.04.2019,7.760,7.750,7.760,7.750,0.13
31.03.2019,7.750,7.740,7.750,7.740,0.13
24.03.2019,7.740,7.750,7.750,7.740,-0.13
17.03.2019,7.750,7.830,7.830,7.750,-1.02
10.03.2019,7.830,7.830,7.830,7.830,0.00
03.03.2019,7.830,7.920,7.920,7.830,-1.14
24.02.2019,7.920,7.960,7.960,7.920,-0.50
17.02.2019,7.960,8.000,8.000,7.960,-0.50
10.02.2019,8.000,7.980,8.000,7.970,0.25
03.02.2019,7.980,7.990,8.000,7.980,0.00
27.01.2019,7.980,7.990,7.990,7.980,-0.13
20.01.2019,7.990,8.010,8.010,7.990,-0.25
13.01.2019,8.010,8.040,8.050,8.010,-0.25
06.01.2019,8.030,8.050,8.050,8.030,-0.25
23.12.2018,8.050,8.040,8.050,8.040,0.12
16.12.2018,8.040,7.860,8.040,7.860,2.29
09.12.2018,7.860,7.850,7.860,7.850,0.13
02.12.2018,7.850,7.840,7.850,7.840,0.13
25.11.2018,7.840,7.820,7.840,7.820,0.26
18.11.2018,7.820,7.850,7.850,7.820,-0.38
11.11.2018,7.850,7.790,7.890,7.790,0.77
04.11.2018,7.790,7.860,7.860,7.790,-0.89
28.10.2018,7.860,7.850,7.860,7.850,0.13
21.10.2018,7.850,7.850,7.860,7.850,0.00
14.10.2018,7.850,7.980,7.980,7.850,-1.63
07.10.2018,7.980,7.940,7.980,7.940,0.50
30.09.2018,7.940,7.850,7.940,7.850,1.15
23.09.2018,7.850,7.840,7.850,7.840,0.13
16.09.2018,7.840,7.850,7.870,7.840,-0.13
09.09.2018,7.850,7.760,7.960,7.760,1.16
02.09.2018,7.760,7.550,7.760,7.550,2.78
26.08.2018,7.550,7.400,7.550,7.390,2.03
19.08.2018,7.400,7.330,7.400,7.330,0.95
12.08.2018,7.330,7.200,7.330,7.200,1.81
05.08.2018,7.200,7.140,7.200,7.140,0.84
29.07.2018,7.140,7.120,7.140,7.120,0.28
22.07.2018,7.120,7.120,7.120,7.110,0.00
15.07.2018,7.120,7.120,7.120,7.120,-0.14
08.07.2018,7.130,7.120,7.130,7.110,0.14
01.07.2018,7.120,7.110,7.120,7.110,0.14
24.06.2018,7.110,7.080,7.110,7.080,0.42
17.06.2018,7.080,7.060,7.080,7.060,0.28
10.06.2018,7.060,7.040,7.060,7.040,0.28
03.06.2018,7.040,7.050,7.050,7.040,-0.14
27.05.2018,7.050,7.040,7.050,7.040,0.14
20.05.2018,7.040,7.040,7.050,7.040,0.00
13.05.2018,7.040,7.020,7.040,7.010,-0.28
06.05.2018,7.060,7.050,7.060,7.050,0.28
22.04.2018,7.040,0.200,7.050,0.200,-0.14
15.04.2018,7.050,7.050,7.060,7.050,0.57
08.04.2018,7.010,6.810,7.010,6.810,3.09
01.04.2018,6.800,6.770,6.800,6.770,0.59
25.03.2018,6.760,6.750,6.760,6.750,-0.15
18.03.2018,6.770,6.790,6.790,6.770,-0.15
11.03.2018,6.780,6.800,6.800,6.770,-0.44
04.03.2018,6.810,6.790,6.810,6.790,0.29
25.02.2018,6.790,6.780,6.790,6.780,0.44
18.02.2018,6.760,6.770,6.770,6.760,-0.15
11.02.2018,6.770,6.890,6.890,6.750,-2.31
04.02.2018,6.930,6.980,6.980,6.930,-0.86
28.01.2018,6.990,7.060,7.070,6.990,-1.13
21.01.2018,7.070,7.120,7.120,7.070,-1.39
14.01.2018,7.170,7.380,7.380,7.170,-3.76
07.01.2018,7.450,7.520,7.520,7.450,-0.93
24.12.2017,7.520,7.520,7.520,7.520,-0.27
17.12.2017,7.540,7.540,7.540,7.540,-2.84
10.12.2017,7.760,7.760,7.760,7.760,-0.26
03.12.2017,7.780,7.780,7.780,7.780,-0.26
26.11.2017,7.800,7.800,7.800,7.800,-0.13
19.11.2017,7.810,7.810,7.810,7.810,0.00
12.11.2017,7.810,7.810,7.810,7.810,-0.13
05.11.2017,7.820,7.820,7.820,7.820,-0.51
29.10.2017,7.860,7.860,7.860,7.860,-0.88
22.10.2017,7.930,7.930,7.930,7.930,-0.63
15.10.2017,7.980,7.980,7.980,7.980,-1.60
08.10.2017,8.110,8.110,8.110,8.110,-1.10
01.10.2017,8.200,8.200,8.200,8.200,-0.61
24.09.2017,8.250,8.250,8.250,8.250,-1.08
17.09.2017,8.340,8.340,8.340,8.340,-1.07
10.09.2017,8.430,8.430,8.430,8.430,-0.71
03.09.2017,8.490,8.490,8.490,8.490,-1.39
27.08.2017,8.610,8.610,8.610,8.610,-0.92
20.08.2017,8.690,8.690,8.690,8.690,-0.57
13.08.2017,8.740,8.740,8.740,8.740,0.00
06.08.2017,8.740,8.740,8.740,8.740,-1.02
30.07.2017,8.830,8.830,8.830,8.830,0.80
23.07.2017,8.760,8.760,8.760,8.760,-0.23
16.07.2017,8.780,8.780,8.780,8.780,0.34
09.07.2017,8.750,8.750,8.750,8.750,-0.23
02.07.2017,8.770,8.770,8.770,8.770,-0.23
25.06.2017,8.790,8.790,8.790,8.790,0.34
18.06.2017,8.760,8.760,8.760,8.760,0.69
11.06.2017,8.700,8.700,8.700,8.700,-0.23
04.06.2017,8.720,8.720,8.720,8.720,-0.34
28.05.2017,8.750,8.750,8.750,8.750,-1.02
21.05.2017,8.840,8.840,8.840,8.840,-1.45
14.05.2017,8.970,8.970,8.970,8.970,-1.86
07.05.2017,9.140,9.140,9.140,9.140,-1.40
30.04.2017,9.270,9.270,9.270,9.270,-1.28
23.04.2017,9.390,9.390,9.390,9.390,-1.57
16.04.2017,9.540,9.540,9.540,9.540,-0.52
09.04.2017,9.590,9.590,9.590,9.590,-0.62
02.04.2017,9.650,9.650,9.650,9.650,-0.21
26.03.2017,9.670,9.670,9.670,9.670,-1.23
19.03.2017,9.790,9.790,9.790,9.790,-1.41
12.03.2017,9.930,9.930,9.930,9.930,-0.20
05.03.2017,9.950,9.950,9.950,9.950,-0.60
26.02.2017,10.010,10.010,10.010,10.010,0.10
19.02.2017,10.000,10.000,10.000,10.000,0.00
12.02.2017,10.000,10.000,10.000,10.000,0.20
05.02.2017,9.980,9.980,9.980,9.980,0.81
29.01.2017,9.900,9.900,9.900,9.900,-0.10
22.01.2017,9.910,9.910,9.910,9.910,0.10
15.01.2017,9.900,9.900,9.900,9.900,-0.80
08.01.2017,9.980,9.980,9.980,9.980,-0.20
25.12.2016,10.000,10.000,10.000,10.000,0.00
18.12.2016,10.000,10.000,10.000,10.000,-0.10
11.12.2016,10.010,10.010,10.010,10.010,-0.69
04.12.2016,10.080,10.080,10.080,10.080,-0.10
27.11.2016,10.090,10.090,10.090,10.090,0.30
20.11.2016,10.060,10.060,10.060,10.060,0.00
13.11.2016,10.060,10.060,10.060,10.060,-0.30
06.11.2016,10.090,10.090,10.090,10.090,0.00
30.10.2016,10.090,10.090,10.090,10.090,-0.10
23.10.2016,10.100,10.100,10.100,10.100,0.30
16.10.2016,10.070,10.070,10.070,10.070,0.20
09.10.2016,10.050,10.050,10.050,10.050,0.80
02.10.2016,9.970,9.970,9.970,9.970,-0.10
25.09.2016,9.980,9.980,9.980,9.980,-0.10
18.09.2016,9.990,9.990,9.990,9.990,-0.60
11.09.2016,10.050,10.050,10.050,10.050,0.10
04.09.2016,10.040,10.040,10.040,10.040,-7.29
28.08.2016,10.830,10.830,10.830,10.830,-0.37
21.08.2016,10.870,10.870,10.870,10.870,-0.18
14.08.2016,10.890,10.890,10.890,10.890,-0.09
07.08.2016,10.900,10.900,10.900,10.900,-0.27
31.07.2016,10.930,10.930,10.930,10.930,-0.64
24.07.2016,11.000,11.000,11.000,11.000,0.00
17.07.2016,11.000,11.000,11.000,11.000,0.00
10.07.2016,11.000,11.000,11.000,11.000,0.00
03.07.2016,11.000,11.000,11.000,11.000,-0.72
26.06.2016,11.080,11.080,11.080,11.080,0.00
19.06.2016,11.080,11.080,11.080,11.080,-0.45
12.06.2016,11.130,11.130,11.130,11.130,-2.71
05.06.2016,11.440,11.440,11.440,11.440,-0.61
29.05.2016,11.510,11.510,11.510,11.510,0.00
22.05.2016,11.510,11.510,11.510,11.510,0.17
15.05.2016,11.490,11.490,11.490,11.490,-0.17
08.05.2016,11.510,11.510,11.510,11.510,-0.69
01.05.2016,11.590,11.590,11.590,11.590,-0.09
24.04.2016,11.600,11.600,11.600,11.600,-1.11
17.04.2016,11.730,11.730,11.730,11.730,-1.51
10.04.2016,11.910,11.910,11.910,11.910,-0.17
03.04.2016,11.930,11.930,11.930,11.930,-0.50
27.03.2016,11.990,11.990,11.990,11.990,-0.08
20.03.2016,12.000,12.000,12.000,12.000,0.17
13.03.2016,11.980,11.980,11.980,11.980,-0.42
06.03.2016,12.030,12.030,12.030,12.030,-0.25
28.02.2016,12.060,12.060,12.060,12.060,-0.17
21.02.2016,12.080,12.080,12.080,12.080,-0.08
14.02.2016,12.090,12.090,12.090,12.090,-0.08
07.02.2016,12.100,12.100,12.100,12.100,0.08
31.01.2016,12.090,12.090,12.090,12.090,-0.08
24.01.2016,12.100,12.100,12.100,12.100,0.00
17.01.2016,12.100,12.100,12.100,12.100,0.58
10.01.2016,12.030,12.030,12.030,12.030,1.95
03.01.2016,11.800,11.800,11.800,11.800,-0.25
27.12.2015,11.830,11.830,11.830,11.830,-0.34
20.12.2015,11.870,11.870,11.870,11.870,0.00
13.12.2015,11.870,11.870,11.870,11.870,0.00
06.12.2015,11.870,11.870,11.870,11.870,-0.42
29.11.2015,11.920,11.920,11.920,11.920,0.25
22.11.2015,11.890,11.890,11.890,11.890,0.00
15.11.2015,11.890,11.890,11.890,11.890,0.34
08.11.2015,11.850,11.850,11.850,11.850,-0.25
01.11.2015,11.880,11.880,11.880,11.880,0.51
25.10.2015,11.820,11.820,11.820,11.820,-0.67
18.10.2015,11.900,11.900,11.900,11.900,-0.17
11.10.2015,11.920,11.920,11.920,11.920,-0.50
04.10.2015,11.980,11.980,11.980,11.980,0.00
27.09.2015,11.980,11.980,11.980,11.980,-0.08
20.09.2015,11.990,11.990,11.990,11.990,0.08
13.09.2015,11.980,11.980,11.980,11.980,0.76
06.09.2015,11.890,11.890,11.890,11.890,-0.83
30.08.2015,11.990,11.990,11.990,11.990,-1.88
23.08.2015,12.220,12.220,12.220,12.220,0.91
16.08.2015,12.110,12.110,12.110,12.110,1.51
09.08.2015,11.930,11.930,11.930,11.930,0.34
02.08.2015,11.890,11.890,11.890,11.890,-2.94
26.07.2015,12.250,12.250,12.250,12.250,-0.73
19.07.2015,12.340,12.340,12.340,12.340,-0.32
12.07.2015,12.380,12.380,12.380,12.380,-0.48
05.07.2015,12.440,12.440,12.440,12.440,-0.32
28.06.2015,12.480,12.480,12.480,12.480,-0.48
21.06.2015,12.540,12.540,12.540,12.540,-0.24
14.06.2015,12.570,12.570,12.570,12.570,-4.63
07.06.2015,13.180,13.180,13.180,13.180,-2.08
31.05.2015,13.460,13.460,13.460,13.460,0.00
24.05.2015,13.460,13.460,13.460,13.460,-0.81
17.05.2015,13.570,13.570,13.570,13.570,-1.24
10.05.2015,13.740,13.740,13.740,13.740,-0.72
03.05.2015,13.840,13.840,13.840,13.840,-3.08
26.04.2015,14.280,14.280,14.280,14.280,-0.56
19.04.2015,14.360,14.360,14.360,14.360,-1.85
12.04.2015,14.630,14.630,14.630,14.630,-1.81
05.04.2015,14.900,14.900,14.900,14.900,-4.97
29.03.2015,15.680,15.680,15.680,15.680,-1.20
22.03.2015,15.870,15.870,15.870,15.870,-1.61
15.03.2015,16.130,16.130,16.130,16.130,-2.18
08.03.2015,16.490,16.490,16.490,16.490,-2.83
01.03.2015,16.970,16.970,16.970,16.970,-0.64
22.02.2015,17.080,17.080,17.080,17.080,-0.23
15.02.2015,17.120,17.120,17.120,17.120,-3.17
08.02.2015,17.680,17.680,17.680,17.680,-1.56
01.02.2015,17.960,17.960,17.960,17.960,-15.32
25.01.2015,21.210,21.210,21.210,21.210,0.05
18.01.2015,21.200,21.200,21.200,21.200,-7.30
11.01.2015,22.870,22.870,22.870,22.870,-5.88
04.01.2015,24.300,24.300,24.300,24.300,-1.62
28.12.2014,24.700,24.700,24.700,24.700,-8.96
21.12.2014,27.130,27.130,27.130,27.130,-10.49
14.12.2014,30.310,30.310,30.310,30.310,104.52
07.12.2014,14.820,14.820,14.820,14.820,13.56
30.11.2014,13.050,13.050,13.050,13.050,1.48
23.11.2014,12.860,12.860,12.860,12.860,2.96
16.11.2014,12.490,12.490,12.490,12.490,1.54
09.11.2014,12.300,12.300,12.300,12.300,1.15
02.11.2014,12.160,12.160,12.160,12.160,8.19
26.10.2014,11.240,11.240,11.240,11.240,2.46
19.10.2014,10.970,10.970,10.970,10.970,0.73
12.10.2014,10.890,10.890,10.890,10.890,0.74
05.10.2014,10.810,10.810,10.810,10.810,1.41
28.09.2014,10.660,10.660,10.660,10.660,0.38
21.09.2014,10.620,10.620,10.620,10.620,0.85
14.09.2014,10.530,10.530,10.530,10.530,1.45
07.09.2014,10.380,10.380,10.380,10.380,0.78
31.08.2014,10.300,10.300,10.300,10.300,-0.68
24.08.2014,10.370,10.370,10.370,10.370,0.48
17.08.2014,10.320,10.320,10.320,10.320,0.29
10.08.2014,10.290,10.290,10.290,10.290,-0.10
03.08.2014,10.300,10.300,10.300,10.300,0.19
27.07.2014,10.280,10.280,10.280,10.280,4.90
20.07.2014,9.800,9.800,9.800,9.800,0.20
13.07.2014,9.780,9.780,9.780,9.780,0.82
06.07.2014,9.700,9.700,9.700,9.700,0.21
29.06.2014,9.680,9.680,9.680,9.680,-0.41
22.06.2014,9.720,9.720,9.720,9.720,-0.21
15.06.2014,9.740,9.740,9.740,9.740,-1.12
08.06.2014,9.850,9.850,9.850,9.850,0.20
01.06.2014,9.830,9.830,9.830,9.830,-0.20
25.05.2014,9.850,9.850,9.850,9.850,-0.30
18.05.2014,9.880,9.880,9.880,9.880,-0.40
11.05.2014,9.920,9.920,9.920,9.920,0.30
04.05.2014,9.890,9.890,9.890,9.890,-2.08
27.04.2014,10.100,10.100,10.100,10.100,7.10
20.04.2014,9.430,9.430,9.430,9.430,1.29
13.04.2014,9.310,9.310,9.310,9.310,0.22
06.04.2014,9.290,9.290,9.290,9.290,0.11
30.03.2014,9.280,9.280,9.280,9.280,-0.64
23.03.2014,9.340,9.340,9.340,9.340,-0.85
16.03.2014,9.420,9.420,9.420,9.420,-3.09
09.03.2014,9.720,9.720,9.720,9.720,14.76
02.03.2014,8.470,8.470,8.470,8.470,15.87
23.02.2014,7.310,7.310,7.310,7.310,-0.27
16.02.2014,7.330,7.330,7.330,7.330,1.24
09.02.2014,7.240,7.240,7.240,7.240,-0.14
02.02.2014,7.250,7.250,7.250,7.250,-2.03
26.01.2014,7.400,7.400,7.400,7.400,2.64
19.01.2014,7.210,7.210,7.210,7.210,-0.55
12.01.2014,7.250,7.250,7.250,7.250,0.69
05.01.2014,7.200,7.200,7.200,7.200,-1.50
29.12.2013,7.310,7.310,7.310,7.310,-0.14
22.12.2013,7.320,7.320,7.320,7.320,1.10
15.12.2013,7.240,7.240,7.240,7.240,0.70
08.12.2013,7.190,7.190,7.190,7.190,0.28
01.12.2013,7.170,7.170,7.170,7.170,1.41
24.11.2013,7.070,7.070,7.070,7.070,0.14
17.11.2013,7.060,7.060,7.060,7.060,0.00
10.11.2013,7.060,7.060,7.060,7.060,0.00
03.11.2013,7.060,7.060,7.060,7.060,0.00
27.10.2013,7.060,7.060,7.060,7.060,0.86
20.10.2013,7.000,7.000,7.000,7.000,-0.28
13.10.2013,7.020,7.020,7.020,7.020,0.00
06.10.2013,7.020,7.020,7.020,7.020,-0.28
29.09.2013,7.040,7.040,7.040,7.040,-1.40
22.09.2013,7.140,7.140,7.140,7.140,0.14
15.09.2013,7.130,7.130,7.130,7.130,-0.28
08.09.2013,7.150,7.150,7.150,7.150,0.56
01.09.2013,7.110,7.110,7.110,7.110,1.14
25.08.2013,7.030,7.030,7.030,7.030,-0.28
18.08.2013,7.050,7.050,7.050,7.050,-1.26
11.08.2013,7.140,7.140,7.140,7.140,-0.14
04.08.2013,7.150,7.150,7.150,7.150,-1.79
28.07.2013,7.280,7.280,7.280,7.280,0.97
21.07.2013,7.210,7.210,7.210,7.210,0.00
14.07.2013,7.210,7.210,7.210,7.210,-0.83
07.07.2013,7.270,7.270,7.270,7.270,0.41
30.06.2013,7.240,7.240,7.240,7.240,-0.69
23.06.2013,7.290,7.290,7.290,7.290,0.14
16.06.2013,7.280,7.280,7.280,7.280,0.00
09.06.2013,7.280,7.280,7.280,7.280,-0.68
02.06.2013,7.330,7.330,7.330,7.330,-0.14
26.05.2013,7.340,7.340,7.340,7.340,0.27
19.05.2013,7.320,7.320,7.320,7.320,-0.54
12.05.2013,7.360,7.360,7.360,7.360,-0.54
05.05.2013,7.400,7.400,7.400,7.400,0.00
28.04.2013,7.400,7.400,7.400,7.400,0.00
21.04.2013,7.400,7.400,7.400,7.400,0.14
14.04.2013,7.390,7.390,7.390,7.390,-0.81
07.04.2013,7.450,7.450,7.450,7.450,-0.53
31.03.2013,7.490,7.490,7.490,7.490,1.90
24.03.2013,7.350,7.350,7.350,7.350,-0.14
17.03.2013,7.360,7.360,7.360,7.360,1.66
10.03.2013,7.240,7.240,7.240,7.240,-0.82
03.03.2013,7.300,7.300,7.300,7.300,-0.14
24.02.2013,7.310,7.310,7.310,7.310,-0.14
17.02.2013,7.320,7.320,7.320,7.320,-0.41
10.02.2013,7.350,7.350,7.350,7.350,0.82
03.02.2013,7.290,7.290,7.290,7.290,-0.82
27.01.2013,7.350,7.350,7.350,7.350,-0.41
20.01.2013,7.380,7.380,7.380,7.380,-2.77
13.01.2013,7.590,7.590,7.590,7.590,0.13
06.01.2013,7.580,7.580,7.580,7.580,-1.04
23.12.2012,7.660,7.660,7.660,7.660,0.26
16.12.2012,7.640,7.640,7.640,7.640,0.13
09.12.2012,7.630,7.630,7.630,7.630,-0.78
02.12.2012,7.690,7.690,7.690,7.690,0.52
25.11.2012,7.650,7.650,7.650,7.650,0.66
18.11.2012,7.600,7.600,7.600,7.600,0.13
11.11.2012,7.590,7.590,7.590,7.590,0.53
04.11.2012,7.550,7.550,7.550,7.550,-0.13
28.10.2012,7.560,7.560,7.560,7.560,2.30
21.10.2012,7.390,7.390,7.390,7.390,0.00
14.10.2012,7.390,7.390,7.390,7.390,0.00
07.10.2012,7.390,7.390,7.390,7.390,0.68
30.09.2012,7.340,7.340,7.340,7.340,-0.27
23.09.2012,7.360,7.360,7.360,7.360,-0.14
16.09.2012,7.370,7.370,7.370,7.370,0.41
09.09.2012,7.340,7.340,7.340,7.340,0.41
02.09.2012,7.310,7.310,7.310,7.310,-0.41
26.08.2012,7.340,7.340,7.340,7.340,0.00
19.08.2012,7.340,7.340,7.340,7.340,-0.41
12.08.2012,7.370,7.370,7.370,7.370,0.00
05.08.2012,7.370,7.370,7.370,7.370,-1.47
29.07.2012,7.480,7.480,7.480,7.480,0.40
22.07.2012,7.450,7.450,7.450,7.450,0.27
15.07.2012,7.430,7.430,7.430,7.430,0.13
08.07.2012,7.420,7.420,7.420,7.420,0.82
01.07.2012,7.360,7.360,7.360,7.360,-0.14
24.06.2012,7.370,7.370,7.370,7.370,1.10
17.06.2012,7.290,7.290,7.290,7.290,0.14
10.06.2012,7.280,7.280,7.280,7.280,-0.41
03.06.2012,7.310,7.310,7.310,7.310,-2.79
27.05.2012,7.520,7.520,7.520,7.520,4.30
20.05.2012,7.210,7.210,7.210,7.210,-1.23
13.05.2012,7.300,7.300,7.300,7.300,3.25
06.05.2012,7.070,7.070,7.070,7.070,0.43
29.04.2012,7.040,7.040,7.040,7.040,0.28
22.04.2012,7.020,7.020,7.020,7.020,0.14
15.04.2012,7.010,7.010,7.010,7.010,0.14
08.04.2012,7.000,7.000,7.000,7.000,-0.14
01.04.2012,7.010,7.010,7.010,7.010,-0.43
25.03.2012,7.040,7.040,7.040,7.040,-0.14
18.03.2012,7.050,7.050,7.050,7.050,0.00
11.03.2012,7.050,7.050,7.050,7.050,0.14
04.03.2012,7.040,7.040,7.040,7.040,0.14
26.02.2012,7.030,7.030,7.030,7.030,-0.28
19.02.2012,7.050,7.050,7.050,7.050,-0.14
12.02.2012,7.060,7.060,7.060,7.060,-0.14
05.02.2012,7.070,7.070,7.070,7.070,-0.84
29.01.2012,7.130,7.130,7.130,7.130,-0.56
22.01.2012,7.170,7.170,7.170,7.170,-0.14
15.01.2012,7.180,7.180,7.180,7.180,-0.14
08.01.2012,7.190,7.190,7.190,7.190,-1.91
01.01.2012,7.330,7.330,7.330,7.330,0.00
25.12.2011,7.330,7.330,7.330,7.330,-0.68
18.12.2011,7.380,7.380,7.380,7.380,1.37
11.12.2011,7.280,7.280,7.280,7.280,0.83
04.12.2011,7.220,7.220,7.220,7.220,1.26
27.11.2011,7.130,7.130,7.130,7.130,-0.42
20.11.2011,7.160,7.160,7.160,7.160,2.29
13.11.2011,7.000,7.000,7.000,7.000,0.43
06.11.2011,6.970,6.970,6.970,6.970,-0.29
30.10.2011,6.990,6.990,6.990,6.990,0.43
23.10.2011,6.960,6.960,6.960,6.960,-0.14
16.10.2011,6.970,6.970,6.970,6.970,3.41
09.10.2011,6.740,6.740,6.740,6.740,2.12
02.10.2011,6.600,6.600,6.600,6.600,-1.79
25.09.2011,6.720,6.720,6.720,6.720,12.94
18.09.2011,5.950,5.950,5.950,5.950,3.66
11.09.2011,5.740,5.740,5.740,5.740,15.03
04.09.2011,4.990,4.990,4.990,4.990,0.20
28.08.2011,4.980,4.980,4.980,4.980,0.00
21.08.2011,4.980,4.980,4.980,4.980,1.84
14.08.2011,4.890,4.890,4.890,4.890,0.41
07.08.2011,4.870,4.870,4.870,4.870,8.22
31.07.2011,4.500,4.500,4.500,4.500,0.90
24.07.2011,4.460,4.460,4.460,4.460,0.90
17.07.2011,4.420,4.420,4.420,4.420,0.68
10.07.2011,4.390,4.390,4.390,4.390,0.00
03.07.2011,4.390,4.390,4.390,4.390,0.00
26.06.2011,4.390,4.390,4.390,4.390,0.23
19.06.2011,4.380,4.380,4.380,4.380,0.46
12.06.2011,4.360,4.360,4.360,4.360,0.46
05.06.2011,4.340,4.340,4.340,4.340,0.00
29.05.2011,4.340,4.340,4.340,4.340,-0.23
22.05.2011,4.350,4.350,4.350,4.350,0.93
15.05.2011,4.310,4.310,4.310,4.310,1.65
08.05.2011,4.240,4.240,4.240,4.240,0.24
01.05.2011,4.230,4.230,4.230,4.230,1.44
24.04.2011,4.170,4.170,4.170,4.170,0.97
17.04.2011,4.130,4.130,4.130,4.130,-0.48
10.04.2011,4.150,4.150,4.150,4.150,-1.43
03.04.2011,4.210,4.210,4.210,4.210,-2.09
27.03.2011,4.300,4.300,4.300,4.300,0.00
20.03.2011,4.300,4.300,4.300,4.300,-0.23
13.03.2011,4.310,4.310,4.310,4.310,0.00
06.03.2011,4.310,4.310,4.310,4.310,0.00
27.02.2011,4.310,4.310,4.310,4.310,-0.69
20.02.2011,4.340,4.340,4.340,4.340,0.23
13.02.2011,4.330,4.330,4.330,4.330,-0.23
06.02.2011,4.340,4.340,4.340,4.340,-0.23
30.01.2011,4.350,4.350,4.350,4.350,-0.68
23.01.2011,4.380,4.380,4.380,4.380,0.92
16.01.2011,4.340,4.340,4.340,4.340,0.00
09.01.2011,4.340,4.340,4.340,4.340,-0.69
26.12.2010,4.370,4.370,4.370,4.370,1.86
19.12.2010,4.290,4.290,4.290,4.290,0.00
12.12.2010,4.290,4.290,4.290,4.290,0.23
05.12.2010,4.280,4.280,4.280,4.280,-0.70
28.11.2010,4.310,4.310,4.310,4.310,1.17
21.11.2010,4.260,4.260,4.260,4.260,0.47
14.11.2010,4.240,4.240,4.240,4.240,0.00
07.11.2010,4.240,4.240,4.240,4.240,0.00
31.10.2010,4.240,4.240,4.240,4.240,0.24
24.10.2010,4.230,4.230,4.230,4.230,0.48
17.10.2010,4.210,4.210,4.210,4.210,-0.24
10.10.2010,4.220,4.220,4.220,4.220,-0.24
03.10.2010,4.230,4.230,4.230,4.230,-0.47
26.09.2010,4.250,4.250,4.250,4.250,0.24
19.09.2010,4.240,4.240,4.240,4.240,-0.24
12.09.2010,4.250,4.250,4.250,4.250,0.00
05.09.2010,4.250,4.250,4.250,4.250,0.00
29.08.2010,4.250,4.250,4.250,4.250,-0.23
22.08.2010,4.260,4.260,4.260,4.260,-0.23
15.08.2010,4.270,4.270,4.270,4.270,-0.23
08.08.2010,4.280,4.280,4.280,4.280,0.00
01.08.2010,4.280,4.280,4.280,4.280,-1.61
25.07.2010,4.350,4.350,4.350,4.350,0.23
18.07.2010,4.340,4.340,4.340,4.340,0.00
11.07.2010,4.340,4.340,4.340,4.340,-0.23
04.07.2010,4.350,4.350,4.350,4.350,0.00
27.06.2010,4.350,4.350,4.350,4.350,-0.68
20.06.2010,4.380,4.380,4.380,4.380,-0.90
13.06.2010,4.420,4.420,4.420,4.420,-0.45
06.06.2010,4.440,4.440,4.440,4.440,-1.11
30.05.2010,4.490,4.490,4.490,4.490,-2.39
23.05.2010,4.600,4.600,4.600,4.600,-1.29
16.05.2010,4.660,4.660,4.660,4.660,1.53
09.05.2010,4.590,4.590,4.590,4.590,-2.96
02.05.2010,4.730,4.730,4.730,4.730,0.64
25.04.2010,4.700,4.700,4.700,4.700,0.64
18.04.2010,4.670,4.670,4.670,4.670,0.21
11.04.2010,4.660,4.660,4.660,4.660,-0.21
04.04.2010,4.670,4.670,4.670,4.670,-1.06
28.03.2010,4.720,4.720,4.720,4.720,-2.07
21.03.2010,4.820,4.820,4.820,4.820,-0.41
14.03.2010,4.840,4.840,4.840,4.840,-0.41
07.03.2010,4.860,4.860,4.860,4.860,-11.64
28.02.2010,5.500,5.500,5.500,5.500,-7.09
21.02.2010,5.920,5.920,5.920,5.920,-3.58
14.02.2010,6.140,6.140,6.140,6.140,-1.13
07.02.2010,6.210,6.210,6.210,6.210,-1.58
31.01.2010,6.310,6.310,6.310,6.310,-1.10
24.01.2010,6.380,6.380,6.380,6.380,-2.15
17.01.2010,6.520,6.520,6.520,6.520,-3.12
10.01.2010,6.730,6.730,6.730,6.730,-9.79
27.12.2009,7.460,7.460,7.460,7.460,-3.37
20.12.2009,7.720,7.720,7.720,7.720,-2.03
13.12.2009,7.880,7.880,7.880,7.880,-1.01
06.12.2009,7.960,7.960,7.960,7.960,-2.21
29.11.2009,8.140,8.140,8.140,8.140,-3.78
22.11.2009,8.460,8.460,8.460,8.460,0.00
15.11.2009,8.460,8.460,8.460,8.460,0.48
08.11.2009,8.420,8.420,8.420,8.420,-5.61
01.11.2009,8.920,8.920,8.920,8.920,-2.51
25.10.2009,9.150,9.150,9.150,9.150,-1.51
18.10.2009,9.290,9.290,9.290,9.290,-4.03
11.10.2009,9.680,9.680,9.680,9.680,-5.00
04.10.2009,10.190,10.190,10.190,10.190,-11.39
27.09.2009,11.500,11.500,11.500,11.500,-5.43
20.09.2009,12.160,12.160,12.160,12.160,0.50
13.09.2009,12.100,12.100,12.100,12.100,-2.02
06.09.2009,12.350,12.350,12.350,12.350,-0.32
30.08.2009,12.390,12.390,12.390,12.390,-0.96
23.08.2009,12.510,12.510,12.510,12.510,-0.32
16.08.2009,12.550,12.550,12.550,12.550,0.40
09.08.2009,12.500,12.500,12.500,12.500,-1.88
02.08.2009,12.740,12.740,12.740,12.740,-2.00
26.07.2009,13.000,13.000,13.000,13.000,0.00
19.07.2009,13.000,13.000,13.000,13.000,0.00
12.07.2009,13.000,13.000,13.000,13.000,0.00
05.07.2009,13.000,13.000,13.000,13.000,0.00
28.06.2009,13.000,13.000,13.000,13.000,-0.31
21.06.2009,13.040,13.040,13.040,13.040,-0.99
14.06.2009,13.170,13.170,13.170,13.170,-2.15
07.06.2009,13.460,13.460,13.460,13.460,0.75
31.05.2009,13.360,13.360,13.360,13.360,-4.30
24.05.2009,13.960,13.960,13.960,13.960,-0.99
17.05.2009,14.100,14.100,14.100,14.100,-2.22
10.05.2009,14.420,14.420,14.420,14.420,-13.70
03.05.2009,16.710,16.710,16.710,16.710,-4.95
26.04.2009,17.580,17.580,17.580,17.580,-2.12
19.04.2009,17.960,17.960,17.960,17.960,-2.50
12.04.2009,18.420,18.420,18.420,18.420,-1.92
05.04.2009,18.780,18.780,18.780,18.780,-1.26
29.03.2009,19.020,19.020,19.020,19.020,-4.71
22.03.2009,19.960,19.960,19.960,19.960,-0.20
15.03.2009,20.000,20.000,20.000,20.000,-8.05
08.03.2009,21.750,21.750,21.750,21.750,-4.52
01.03.2009,22.780,22.780,22.780,22.780,-4.61
22.02.2009,23.880,23.880,23.880,23.880,-3.83
15.02.2009,24.830,24.830,24.830,24.830,0.00
08.02.2009,24.830,24.830,24.830,24.830,-1.97
01.02.2009,25.330,25.330,25.330,25.330,-6.77
25.01.2009,27.170,27.170,27.170,27.170,-2.37
18.01.2009,27.830,27.830,27.830,27.830,18.43
11.01.2009,23.500,23.500,23.500,23.500,2.93
28.12.2008,22.830,22.830,22.830,22.830,0.35
21.12.2008,22.750,22.750,22.750,22.750,-1.09
14.12.2008,23.000,23.000,23.000,23.000,1.46
07.12.2008,22.670,22.670,22.670,22.670,-0.35
30.11.2008,22.750,22.750,22.750,22.750,1.11
23.11.2008,22.500,22.500,22.500,22.500,3.83
16.11.2008,21.670,21.670,21.670,21.670,8.79
09.11.2008,19.920,19.920,19.920,19.920,16.02
02.11.2008,17.170,17.170,17.170,17.170,-0.69
26.10.2008,17.290,17.290,17.290,17.290,2.43
19.10.2008,16.880,16.880,16.880,16.880,50.18
12.10.2008,11.240,11.240,11.240,11.240,12.06
05.10.2008,10.030,10.030,10.030,10.030,8.90
28.09.2008,9.210,9.210,9.210,9.210,3.14
21.09.2008,8.930,8.930,8.930,8.930,-4.39
14.09.2008,9.340,9.340,9.340,9.340,13.21
07.09.2008,8.250,8.250,8.250,8.250,2.23
31.08.2008,8.070,8.070,8.070,8.070,0.00
24.08.2008,8.070,8.070,8.070,8.070,2.41
17.08.2008,7.880,7.880,7.880,7.880,1.81
10.08.2008,7.740,7.740,7.740,7.740,13.66
03.08.2008,6.810,6.810,6.810,6.810,1.49
27.07.2008,6.710,6.710,6.710,6.710,2.29
20.07.2008,6.560,6.560,6.560,6.560,0.92
13.07.2008,6.500,6.500,6.500,6.500,0.00
06.07.2008,6.500,6.500,6.500,6.500,0.00
29.06.2008,6.500,6.500,6.500,6.500,0.00
22.06.2008,6.500,6.500,6.500,6.500,-1.81
15.06.2008,6.620,6.620,6.620,6.620,-0.30
08.06.2008,6.640,6.640,6.640,6.640,0.15
01.06.2008,6.630,6.630,6.630,6.630,-2.21
25.05.2008,6.780,6.780,6.780,6.780,-1.31
18.05.2008,6.870,6.870,6.870,6.870,-1.86
11.05.2008,7.000,7.000,7.000,7.000,-0.43
04.05.2008,7.030,7.030,7.030,7.030,-2.36
27.04.2008,7.200,7.200,7.200,7.200,-2.17
20.04.2008,7.360,7.360,7.360,7.360,40.19
13.04.2008,5.250,5.250,5.250,5.250,-6.91
06.04.2008,5.640,5.640,5.640,5.640,-9.76
30.03.2008,6.250,6.250,6.250,6.250,5.93
23.03.2008,5.900,5.900,5.900,5.900,-2.48
16.03.2008,6.050,6.050,6.050,6.050,10.00
09.03.2008,5.500,5.500,5.500,5.500,-4.35
02.03.2008,5.750,5.750,5.750,5.750,-8.00
24.02.2008,6.250,6.250,6.250,6.250,-3.55
17.02.2008,6.480,6.480,6.480,6.480,-0.31
10.02.2008,6.500,6.500,6.500,6.500,9.80
03.02.2008,5.920,5.920,5.920,5.920,22.06
27.01.2008,4.850,4.850,4.850,4.850,4.30
20.01.2008,4.650,4.650,4.650,4.650,6.41
13.01.2008,4.370,4.370,4.370,4.370,1.39
06.01.2008,4.310,4.310,4.310,4.310,-16.80
30.12.2007,5.180,5.180,5.180,5.180,-0.77
23.12.2007,5.220,5.220,5.220,5.220,-9.22
16.12.2007,5.750,5.750,5.750,5.750,-11.54
09.12.2007,6.500,6.500,6.500,6.500,13.04
02.12.2007,5.750,5.750,5.750,5.750,-7.41
25.11.2007,6.210,6.210,6.210,6.210,-2.20
18.11.2007,6.350,6.350,6.350,6.350,1.44
11.11.2007,6.260,6.260,6.260,6.260,4.33
04.11.2007,6.000,6.000,6.000,6.000,1.87
28.10.2007,5.890,5.890,5.890,5.890,-9.38
21.10.2007,6.500,6.500,6.500,6.500,0.00
14.10.2007,6.500,6.500,6.500,6.500,8.33
07.10.2007,6.000,6.000,6.000,6.000,-14.29
30.09.2007,7.000,7.000,7.000,7.000,5.90
23.09.2007,6.610,6.610,6.610,6.610,8.18
16.09.2007,6.110,6.110,6.110,6.110,-3.02
09.09.2007,6.300,6.300,6.300,6.300,0.00
02.09.2007,6.300,6.300,6.300,6.300,5.53
26.08.2007,5.970,5.970,5.970,5.970,5.85
19.08.2007,5.640,5.640,5.640,5.640,4.44
12.08.2007,5.400,5.400,5.400,5.400,18.94
05.08.2007,4.540,4.540,4.540,4.540,2.95
29.07.2007,4.410,4.410,4.410,4.410,5.25
22.07.2007,4.190,4.190,4.190,4.190,-0.95
15.07.2007,4.230,4.230,4.230,4.230,-11.13
08.07.2007,4.760,4.760,4.760,4.760,9.43
01.07.2007,4.350,4.350,4.350,4.350,-2.25
24.06.2007,4.450,4.450,4.450,4.450,-3.47
17.06.2007,4.610,4.610,4.610,4.610,0.44
10.06.2007,4.590,4.590,4.590,4.590,3.38
03.06.2007,4.440,4.440,4.440,4.440,-10.84
27.05.2007,4.980,4.980,4.980,4.980,10.18
20.05.2007,4.520,4.520,4.520,4.520,-0.66
13.05.2007,4.550,4.550,4.550,4.550,-4.81
06.05.2007,4.780,4.780,4.780,4.780,-10.49
29.04.2007,5.340,5.340,5.340,5.340,7.66
22.04.2007,4.960,4.960,4.960,4.960,0.00
15.04.2007,4.960,4.960,4.960,4.960,-0.80
08.04.2007,5.000,5.000,5.000,5.000,-1.96
01.04.2007,5.100,5.100,5.100,5.100,-1.92
25.03.2007,5.200,5.200,5.200,5.200,0.97
18.03.2007,5.150,5.150,5.150,5.150,-0.96
11.03.2007,5.200,5.200,5.200,5.200,2.56
04.03.2007,5.070,5.070,5.070,5.070,-0.39
25.02.2007,5.090,5.090,5.090,5.090,4.09
18.02.2007,4.890,4.890,4.890,4.890,0.41
11.02.2007,4.870,4.870,4.870,4.870,0.21
04.02.2007,4.860,4.860,4.860,4.860,-4.71
28.01.2007,5.100,5.100,5.100,5.100,0.00
21.01.2007,5.100,5.100,5.100,5.100,-2.11
14.01.2007,5.210,5.210,5.210,5.210,2.96
07.01.2007,5.060,5.060,5.060,5.060,-8.00
24.12.2006,5.500,5.500,5.500,5.500,1.85
17.12.2006,5.400,5.400,5.400,5.400,0.00
10.12.2006,5.400,5.400,5.400,5.400,10.88
03.12.2006,4.870,4.870,4.870,4.870,-12.25
26.11.2006,5.550,5.550,5.550,5.550,4.32
19.11.2006,5.320,5.320,5.320,5.320,0.38
12.11.2006,5.300,5.300,5.300,5.300,4.13
05.11.2006,5.090,5.090,5.090,5.090,1.80
29.10.2006,5.000,5.000,5.000,5.000,1.01
22.10.2006,4.950,4.950,4.950,4.950,10.00
15.10.2006,4.500,4.500,4.500,4.500,5.88
08.10.2006,4.250,4.250,4.250,4.250,0.00
01.10.2006,4.250,4.250,4.250,4.250,-3.41
24.09.2006,4.400,4.400,4.400,4.400,3.53
17.09.2006,4.250,4.250,4.250,4.250,-4.49
10.09.2006,4.450,4.450,4.450,4.450,-31.01
03.09.2006,6.450,6.450,6.450,6.450,0.00
27.08.2006,6.450,6.450,6.450,6.450,43.33
20.08.2006,4.500,4.500,4.500,4.500,3.45
13.08.2006,4.350,4.350,4.350,4.350,2.35
06.08.2006,4.250,4.250,4.250,4.250,-5.56
30.07.2006,4.500,4.500,4.500,4.500,2.27
23.07.2006,4.400,4.400,4.400,4.400,0.00
16.07.2006,4.400,4.400,4.400,4.400,-7.37
09.07.2006,4.750,4.750,4.750,4.750,-2.06
02.07.2006,4.850,4.850,4.850,4.850,1.04
25.06.2006,4.800,4.800,4.800,4.800,0.00
18.06.2006,4.800,4.800,4.800,4.800,-2.04
11.06.2006,4.900,4.900,4.900,4.900,1.03
04.06.2006,4.850,4.850,4.850,4.850,5.43
28.05.2006,4.600,4.600,4.600,4.600,-8.00
21.05.2006,5.000,5.000,5.000,5.000,9.89
14.05.2006,4.550,4.550,4.550,4.550,1.11
07.05.2006,4.500,4.500,4.500,4.500,-10.00
30.04.2006,5.000,5.000,5.000,5.000,-9.09
23.04.2006,5.500,5.500,5.500,5.500,4.76
16.04.2006,5.250,5.250,5.250,5.250,0.00
09.04.2006,5.250,5.250,5.250,5.250,10.53
02.04.2006,4.750,4.750,4.750,4.750,-7.77
26.03.2006,5.150,5.150,5.150,5.150,3.00
19.03.2006,5.000,5.000,5.000,5.000,1.01
12.03.2006,4.950,4.950,4.950,4.950,-1.00
05.03.2006,5.000,5.000,5.000,5.000,1.01
26.02.2006,4.950,4.950,4.950,4.950,0.00
19.02.2006,4.950,4.950,4.950,4.950,-1.98
12.02.2006,5.050,5.050,5.050,5.050,7.45
05.02.2006,4.700,4.700,4.700,4.700,-2.08
29.01.2006,4.800,4.800,4.800,4.800,-95.22
22.01.2006,100.500,100.500,100.500,100.500,2.133.33
15.01.2006,4.500,4.500,4.500,4.500,-10.00
08.01.2006,5.000,5.000,5.000,5.000,-6.54
25.12.2005,5.350,5.350,5.350,5.350,-1.83
18.12.2005,5.450,5.450,5.450,5.450,-0.91
11.12.2005,5.500,5.500,5.500,5.500,10.00
04.12.2005,5.000,5.000,5.000,5.000,-9.09
27.11.2005,5.500,5.500,5.500,5.500,10.00
20.11.2005,5.000,5.000,5.000,5.000,-9.09
13.11.2005,5.500,5.500,5.500,5.500,10.00
06.11.2005,5.000,5.000,5.000,5.000,33.33
30.10.2005,3.750,3.750,3.750,3.750,-21.05
23.10.2005,4.750,4.750,4.750,4.750,18.75
16.10.2005,4.000,4.000,4.000,4.000,2.56
09.10.2005,3.900,3.900,3.900,3.900,4.00
02.10.2005,3.750,3.750,3.750,3.750,-11.76
25.09.2005,4.250,4.250,4.250,4.250,7.59
18.09.2005,3.950,3.950,3.950,3.950,-1.25
11.09.2005,4.000,4.000,4.000,4.000,-5.88
04.09.2005,4.250,4.250,4.250,4.250,6.25
28.08.2005,4.000,4.000,4.000,4.000,0.00
21.08.2005,4.000,4.000,4.000,4.000,-16.67
14.08.2005,4.800,4.800,4.800,4.800,0.00
07.08.2005,4.800,4.800,4.800,4.800,2.13
31.07.2005,4.700,4.700,4.700,4.700,-2.08
24.07.2005,4.800,4.800,4.800,4.800,-12.73
17.07.2005,5.500,5.500,5.500,5.500,10.00
10.07.2005,5.000,5.000,5.000,5.000,25.00
03.07.2005,4.000,4.000,4.000,4.000,-11.11
26.06.2005,4.500,4.500,4.500,4.500,2.27
19.06.2005,4.400,4.400,4.400,4.400,-2.22
12.06.2005,4.500,4.500,4.500,4.500,20.00
05.06.2005,3.750,3.750,3.750,3.750,7.14
29.05.2005,3.500,3.500,3.500,3.500,-17.65
22.05.2005,4.250,4.250,4.250,4.250,21.43
15.05.2005,3.500,3.500,3.500,3.500,2.94
08.05.2005,3.400,3.400,3.400,3.400,-24.44
01.05.2005,4.500,4.500,4.500,4.500,12.50
24.04.2005,4.000,4.000,4.000,4.000,14.29
17.04.2005,3.500,3.500,3.500,3.500,16.67
10.04.2005,3.000,3.000,3.000,3.000,-7.69
03.04.2005,3.250,3.250,3.250,3.250,0.00
27.03.2005,3.250,3.250,3.250,3.250,-27.78
20.03.2005,4.500,4.500,4.500,4.500,38.46
13.03.2005,3.250,3.250,3.250,3.250,0.00
06.03.2005,3.250,3.250,3.250,3.250,8.33
27.02.2005,3.000,3.000,3.000,3.000,50.00
20.02.2005,2.000,2.000,2.000,2.000,-33.33
13.02.2005,3.000,3.000,3.000,3.000,-20.00
06.02.2005,3.750,3.750,3.750,3.750,7.14
30.01.2005,3.500,3.500,3.500,3.500,-12.50
23.01.2005,4.000,4.000,4.000,4.000,-5.88
16.01.2005,4.250,4.250,4.250,4.250,6.25
09.01.2005,4.000,4.000,4.000,4.000,33.33
02.01.2005,3.000,3.000,3.000,3.000,0.00
26.12.2004,3.000,3.000,3.000,3.000,-25.00
19.12.2004,4.000,4.000,4.000,4.000,6.67
12.12.2004,3.750,3.750,3.750,3.750,7.14
05.12.2004,3.500,3.500,3.500,3.500,16.67
28.11.2004,3.000,3.000,3.000,3.000,0.00
21.11.2004,3.000,3.000,3.000,3.000,20.00
14.11.2004,2.500,2.500,2.500,2.500,11.11
07.11.2004,2.250,2.250,2.250,2.250,-10.00
31.10.2004,2.500,2.500,2.500,2.500,-9.09
24.10.2004,2.750,2.750,2.750,2.750,-21.43
17.10.2004,3.500,3.500,3.500,3.500,0.00
10.10.2004,3.500,3.500,3.500,3.500,-33.33
03.10.2004,5.250,5.250,5.250,5.250,-12.50
26.09.2004,6.000,6.000,6.000,6.000,0.00
19.09.2004,6.000,6.000,6.000,6.000,-0.83
12.09.2004,6.050,6.050,6.050,6.050,0.83
05.09.2004,6.000,6.000,6.000,6.000,-4.00
29.08.2004,6.250,6.250,6.250,6.250,4.17
22.08.2004,6.000,6.000,6.000,6.000,0.00
15.08.2004,6.000,6.000,6.000,6.000,4.35
08.08.2004,5.750,5.750,5.750,5.750,-4.17
01.08.2004,6.000,6.000,6.000,6.000,-33.33
25.07.2004,9.000,9.000,9.000,9.000,44.00
18.07.2004,6.250,6.250,6.250,6.250,25.00
11.07.2004,5.000,5.000,5.000,5.000,-28.57
04.07.2004,7.000,7.000,7.000,7.000,-36.36
27.06.2004,11.000,11.000,11.000,11.000,83.33
20.06.2004,6.000,6.000,6.000,6.000,-14.29
13.06.2004,7.000,7.000,7.000,7.000,3.70
06.06.2004,6.750,6.750,6.750,6.750,-10.00
30.05.2004,7.500,7.500,7.500,7.500,7.14
23.05.2004,7.000,7.000,7.000,7.000,0.00
16.05.2004,7.000,7.000,7.000,7.000,-36.36
09.05.2004,11.000,11.000,11.000,11.000,62.96
02.05.2004,6.750,6.750,6.750,6.750,-20.59
25.04.2004,8.500,8.500,8.500,8.500,70.00
18.04.2004,5.000,5.000,5.000,5.000,33.33
11.04.2004,3.750,3.750,3.750,3.750,-25.00
04.04.2004,5.000,5.000,5.000,5.000,-9.09
28.03.2004,5.500,5.500,5.500,5.500,-8.33
21.03.2004,6.000,6.000,6.000,6.000,33.33
14.03.2004,4.500,4.500,4.500,4.500,5.88
07.03.2004,4.250,4.250,4.250,4.250,-29.17
29.02.2004,6.000,6.000,6.000,6.000,50.00
22.02.2004,4.000,4.000,4.000,4.000,0.00
15.02.2004,4.000,4.000,4.000,4.000,166.67
01.02.2004,1.500,1.500,1.500,1.500,-34.78
25.01.2004,2.300,2.300,2.300,2.300,53.33
18.01.2004,1.500,1.500,1.500,1.500,-70.00
11.01.2004,5.000,5.000,5.000,5.000,25.00
04.01.2004,4.000,4.000,4.000,4.000,-16.67
21.12.2003,4.800,4.800,4.800,4.800,-9.43
14.12.2003,5.300,5.300,5.300,5.300,-3.64
07.12.2003,5.500,5.500,5.500,5.500,10.00
30.11.2003,5.000,5.000,5.000,5.000,-44.44
23.11.2003,9.000,9.000,9.000,9.000,32.35
16.11.2003,6.800,6.800,6.800,6.800,-15.00
09.11.2003,8.000,8.000,8.000,8.000,-5.88
02.11.2003,8.500,8.500,8.500,8.500,-10.53
26.10.2003,9.500,9.500,9.500,9.500,35.71
19.10.2003,7.000,7.000,7.000,7.000,7.69
12.10.2003,6.500,6.500,6.500,6.500,12.07
05.10.2003,5.800,5.800,5.800,5.800,-17.14
28.09.2003,7.000,7.000,7.000,7.000,-10.26
21.09.2003,7.800,7.800,7.800,7.800,-6.02
14.09.2003,8.300,8.300,8.300,8.300,3.75
07.09.2003,8.000,8.000,8.000,8.000,-11.11
31.08.2003,9.000,9.000,9.000,9.000,20.00
24.08.2003,7.500,7.500,7.500,7.500,19.05
17.08.2003,6.300,6.300,6.300,6.300,-10.00
10.08.2003,7.000,7.000,7.000,7.000,16.67
03.08.2003,6.000,6.000,6.000,6.000,0.00
27.07.2003,6.000,6.000,6.000,6.000,13.21
20.07.2003,5.300,5.300,5.300,5.300,0.00
13.07.2003,5.300,5.300,5.300,5.300,-3.64
06.07.2003,5.500,5.500,5.500,5.500,57.14
29.06.2003,3.500,3.500,3.500,3.500,0.00
22.06.2003,3.500,3.500,3.500,3.500,0.00
15.06.2003,3.500,3.500,3.500,3.500,-12.50
08.06.2003,4.000,4.000,4.000,4.000,-27.27
01.06.2003,5.500,5.500,5.500,5.500,0.00
25.05.2003,5.500,5.500,5.500,5.500,10.00
18.05.2003,5.000,5.000,5.000,5.000,0.00
11.05.2003,5.000,5.000,5.000,5.000,0.00
04.05.2003,5.000,5.000,5.000,5.000,-16.67
27.04.2003,6.000,6.000,6.000,6.000,0.00
20.04.2003,6.000,6.000,6.000,6.000,20.00
13.04.2003,5.000,5.000,5.000,5.000,0.00
06.04.2003,5.000,5.000,5.000,5.000,-9.09
30.03.2003,5.500,5.500,5.500,5.500,-16.67
23.03.2003,6.600,6.600,6.600,6.600,-2.22
16.03.2003,6.750,6.750,6.750,6.750,0.75
09.03.2003,6.700,6.700,6.700,6.700,39.58
02.03.2003,4.800,4.800,4.800,4.800,-40.00
23.02.2003,8.000,8.000,8.000,8.000,-11.11
16.02.2003,9.000,9.000,9.000,9.000,42.86
09.02.2003,6.300,6.300,6.300,6.300,-16.00
02.02.2003,7.500,7.500,7.500,7.500,-46.43
26.01.2003,14.000,14.000,14.000,14.000,-17.65
19.01.2003,17.000,17.000,17.000,17.000,88.89
12.01.2003,9.000,9.000,9.000,9.000,0.00
05.01.2003,9.000,9.000,9.000,9.000,-25.00
29.12.2002,12.000,12.000,12.000,12.000,-14.29
22.12.2002,14.000,14.000,14.000,14.000,16.67
15.12.2002,12.000,12.000,12.000,12.000,-6.25
08.12.2002,12.800,12.800,12.800,12.800,-1.54
01.12.2002,13.000,13.000,13.000,13.000,-13.33
24.11.2002,15.000,15.000,15.000,15.000,11.11
17.11.2002,13.500,13.500,13.500,13.500,-5.59
10.11.2002,14.300,14.300,14.300,14.300,-4.67
03.11.2002,15.000,15.000,15.000,15.000,0.00
27.10.2002,15.000,15.000,15.000,15.000,3.45
20.10.2002,14.500,14.500,14.500,14.500,-19.44
13.10.2002,18.000,18.000,18.000,18.000,5.88
06.10.2002,17.000,17.000,17.000,17.000,17.24
29.09.2002,14.500,14.500,14.500,14.500,-17.14
22.09.2002,17.500,17.500,17.500,17.500,6.06
15.09.2002,16.500,16.500,16.500,16.500,3.13
08.09.2002,16.000,16.000,16.000,16.000,-11.11
01.09.2002,18.000,18.000,18.000,18.000,28.57
25.08.2002,14.000,14.000,14.000,14.000,0.00
18.08.2002,14.000,14.000,14.000,14.000,-2.10
11.08.2002,14.300,14.300,14.300,14.300,-15.88
04.08.2002,17.000,17.000,17.000,17.000,17.24
28.07.2002,14.500,14.500,14.500,14.500,1.40
21.07.2002,14.300,14.300,14.300,14.300,-10.62
14.07.2002,16.000,16.000,16.000,16.000,14.29
07.07.2002,14.000,14.000,14.000,14.000,0.00
30.06.2002,14.000,14.000,14.000,14.000,0.00
23.06.2002,14.000,14.000,14.000,14.000,0.00
16.06.2002,14.000,14.000,14.000,14.000,0.00
02.06.2002,14.000,14.000,14.000,14.000,-17.65
26.05.2002,17.000,17.000,17.000,17.000,9.68
19.05.2002,15.500,15.500,15.500,15.500,-3.13
12.05.2002,16.000,16.000,16.000,16.000,-8.57
28.04.2002,17.500,17.500,17.500,17.500,2.94
14.04.2002,17.000,17.000,17.000,17.000,-2.86
07.04.2002,17.500,17.500,17.500,17.500,-2.78
31.03.2002,18.000,18.000,18.000,18.000,-2.70
24.03.2002,18.500,18.500,18.500,18.500,-2.63
17.03.2002,19.000,19.000,19.000,19.000,5.56
10.03.2002,18.000,18.000,18.000,18.000,4.35
03.03.2002,17.250,17.250,17.250,17.250,6.15
24.02.2002,16.250,16.250,16.250,16.250,-8.45
17.02.2002,17.750,17.750,17.750,17.750,-1.39
10.02.2002,18.000,18.000,18.000,18.000,2.86
03.02.2002,17.500,17.500,17.500,17.500,-2.78
27.01.2002,18.000,18.000,18.000,18.000,-2.70
20.01.2002,18.500,18.500,18.500,18.500,-7.50
13.01.2002,20.000,20.000,20.000,20.000,11.11
06.01.2002,18.000,18.000,18.000,18.000,-5.26
30.12.2001,19.000,19.000,19.000,19.000,-13.64
23.12.2001,22.000,22.000,22.000,22.000,25.71
16.12.2001,17.500,17.500,17.500,17.500,-12.50
09.12.2001,20.000,20.000,20.000,20.000,17.65
02.12.2001,17.000,17.000,17.000,17.000,-5.56
25.11.2001,18.000,18.000,18.000,18.000,-5.26
18.11.2001,19.000,19.000,19.000,19.000,5.56
11.11.2001,18.000,18.000,18.000,18.000,5.88
04.11.2001,17.000,17.000,17.000,17.000,6.25
28.10.2001,16.000,16.000,16.000,16.000,3.23
14.10.2001,15.500,15.500,15.500,15.500,-3.13
07.10.2001,16.000,16.000,16.000,16.000,-1.54
30.09.2001,16.250,16.250,16.250,16.250,-1.52
23.09.2001,16.500,16.500,16.500,16.500,3.13
16.09.2001,16.000,16.000,16.000,16.000,-3.03
09.09.2001,16.500,16.500,16.500,16.500,3.13
02.09.2001,16.000,16.000,16.000,16.000,10.34
26.08.2001,14.500,14.500,14.500,14.500,-9.38
19.08.2001,16.000,16.000,16.000,16.000,-3.03
12.08.2001,16.500,16.500,16.500,16.500,-2.94
05.08.2001,17.000,17.000,17.000,17.000,6.25
29.07.2001,16.000,16.000,16.000,16.000,0.00
22.07.2001,16.000,16.000,16.000,16.000,0.00
08.07.2001,16.000,16.000,16.000,16.000,-3.03
01.07.2001,16.500,16.500,16.500,16.500,0.00
24.06.2001,16.500,16.500,16.500,16.500,3.13
17.06.2001,16.000,16.000,16.000,16.000,-5.88
03.06.2001,17.000,17.000,17.000,17.000,6.25
27.05.2001,16.000,16.000,16.000,16.000,-3.03
20.05.2001,16.500,16.500,16.500,16.500,-2.94
22.04.2001,17.000,17.000,17.000,17.000,0.00
25.02.2001,17.000,17.000,17.000,17.000,0.00
03.12.2000,17.000,17.000,17.000,17.000,17.24
01.10.2000,14.500,14.500,14.500,14.500,-3.33
10.09.2000,15.000,15.000,15.000,15.000,-11.76
13.08.2000,17.000,17.000,17.000,17.000,0.00
16.07.2000,17.000,17.000,17.000,17.000,0.00
09.07.2000,17.000,17.000,17.000,17.000,0.00
02.07.2000,17.000,17.000,17.000,17.000,-15.00
11.06.2000,20.000,20.000,20.000,20.000,0.00
04.06.2000,20.000,20.000,20.000,20.000,-50.00
30.04.2000,40.000,40.000,40.000,40.000,0.00
19.03.2000,40.000,40.000,40.000,40.000,0.00
13.02.2000,40.000,40.000,40.000,40.000,0.00
23.01.2000,40.000,40.000,40.000,40.000,-11.11
09.01.2000,45.000,45.000,45.000,45.000,0.00
31.10.1999,45.000,45.000,45.000,45.000,0.00
01.08.1999,45.000,45.000,45.000,45.000,0.00
11.07.1999,45.000,45.000,45.000,45.000,28.57
17.05.1998,35.000,35.000,35.000,35.000,0.00
03.05.1998,35.000,35.000,35.000,35.000,0.00
29.03.1998,35.000,35.000,35.000,35.000,250.00
22.03.1998,10.000,10.000,10.000,10.000,-66.67
08.03.1998,30.000,30.000,30.000,30.000,-25.00
01.03.1998,40.000,40.000,40.000,40.000,21.21
22.02.1998,33.000,33.000,33.000,33.000,0.00
15.02.1998,33.000,33.000,33.000,33.000,-13.16
08.02.1998,38.000,38.000,38.000,38.000,0.00
01.02.1998,38.000,38.000,38.000,38.000,8.57
25.01.1998,35.000,35.000,35.000,35.000,0.00
18.01.1998,35.000,35.000,35.000,35.000,0.00
04.01.1998,35.000,35.000,35.000,35.000,-7.89
21.12.1997,38.000,38.000,38.000,38.000,15.15
14.12.1997,33.000,33.000,33.000,33.000,32.00
30.11.1997,25.000,25.000,25.000,25.000,-16.67
16.11.1997,30.000,30.000,30.000,30.000,25.00
02.11.1997,24.000,24.000,24.000,24.000,0.00
26.10.1997,24.000,24.000,24.000,24.000,0.00
19.10.1997,24.000,24.000,24.000,24.000,0.00
12.10.1997,24.000,24.000,24.000,24.000,0.00
05.10.1997,24.000,24.000,24.000,24.000,0.00
28.09.1997,24.000,24.000,24.000,24.000,0.00
21.09.1997,24.000,24.000,24.000,24.000,0.00
14.09.1997,24.000,24.000,24.000,24.000,0.00
07.09.1997,24.000,24.000,24.000,24.000,0.00
31.08.1997,24.000,24.000,24.000,24.000,0.00
24.08.1997,24.000,24.000,24.000,24.000,-4.00
17.08.1997,25.000,25.000,25.000,25.000,0.00
10.08.1997,25.000,25.000,25.000,25.000,38.89
03.08.1997,18.000,18.000,18.000,18.000,-28.00
27.07.1997,25.000,25.000,25.000,25.000,0.00
20.07.1997,25.000,25.000,25.000,25.000,0.00
13.07.1997,25.000,25.000,25.000,25.000,0.00
06.07.1997,25.000,25.000,25.000,25.000,4.17
29.06.1997,24.000,24.000,24.000,24.000,-14.29
22.06.1997,28.000,28.000,28.000,28.000,-5.08
15.06.1997,29.500,29.500,29.500,29.500,-46.36
08.06.1997,55.000,55.000,55.000,55.000,83.33
01.06.1997,30.000,30.000,30.000,30.000,0.00
25.05.1997,30.000,30.000,30.000,30.000,3.45
18.05.1997,29.000,29.000,29.000,29.000,-3.33
11.05.1997,30.000,30.000,30.000,30.000,-25.00
04.05.1997,40.000,40.000,40.000,40.000,0.00
27.04.1997,40.000,40.000,40.000,40.000,0.00
20.04.1997,40.000,40.000,40.000,40.000,0.00
13.04.1997,40.000,40.000,40.000,40.000,0.00
06.04.1997,40.000,40.000,40.000,40.000,0.00
30.03.1997,40.000,40.000,40.000,40.000,0.00
23.03.1997,40.000,40.000,40.000,40.000,100.00
16.03.1997,20.000,20.000,20.000,20.000,-33.33
02.02.1997,30.000,30.000,30.000,30.000,-33.33
26.01.1997,45.000,45.000,45.000,45.000,12.50
19.01.1997,40.000,40.000,40.000,40.000,-21.57
29.12.1996,51.000,51.000,51.000,51.000,-32.00
08.12.1996,75.000,75.000,75.000,75.000,66.67
01.12.1996,45.000,45.000,45.000,45.000,0.00
17.11.1996,45.000,45.000,45.000,45.000,-10.00
27.10.1996,50.000,50.000,50.000,50.000,0.00
20.10.1996,50.000,50.000,50.000,50.000,-16.67
13.10.1996,60.000,60.000,60.000,60.000,0.00
06.10.1996,60.000,60.000,60.000,60.000,-7.69
29.09.1996,65.000,65.000,65.000,65.000,-18.75
22.09.1996,80.000,80.000,80.000,80.000,0.00
15.09.1996,80.000,80.000,80.000,80.000,-5.88
04.08.1996,85.000,85.000,85.000,85.000,-5.56
28.07.1996,90.000,90.000,90.000,90.000,-9.09
09.06.1996,99.000,99.000,99.000,99.000,0.00
02.06.1996,99.000,99.000,99.000,99.000,0.00
26.05.1996,99.000,99.000,99.000,99.000,4.21
10.03.1996,95.000,95.000,95.000,95.000,0.00
03.03.1996,95.000,95.000,95.000,95.000,0.00
25.02.1996,95.000,95.000,95.000,95.000,-20.83
04.02.1996,120.000,120.000,120.000,120.000,0.00
28.01.1996,120.000,120.000,120.000,120.000,-11.11
21.01.1996,135.000,135.000,135.000,135.000,8.00
14.01.1996,125.000,125.000,125.000,125.000,-3.85
07.01.1996,130.000,130.000,130.000,130.000,-7.14
31.12.1995,140.000,140.000,140.000,140.000,-6.67
24.12.1995,150.000,150.000,150.000,150.000,0.00
17.12.1995,150.000,150.000,150.000,150.000,20.00
10.12.1995,125.000,125.000,125.000,125.000,0.00
03.12.1995,125.000,125.000,125.000,125.000,0.00
26.11.1995,125.000,125.000,125.000,125.000,-3.85
19.11.1995,130.000,130.000,130.000,130.000,0.00
12.11.1995,130.000,130.000,130.000,130.000,0.00
05.11.1995,130.000,130.000,130.000,130.000,-35.00
29.10.1995,200.000,200.000,200.000,200.000,81.82
22.10.1995,110.000,110.000,110.000,110.000,0.00
15.10.1995,110.000,110.000,110.000,110.000,0.00
08.10.1995,110.000,110.000,110.000,110.000,-8.33
01.10.1995,120.000,120.000,120.000,120.000,20.00
24.09.1995,100.000,100.000,100.000,100.000,11.11
17.09.1995,90.000,90.000,90.000,90.000,-33.33
10.09.1995,135.000,135.000,135.000,135.000,50.00
03.09.1995,90.000,90.000,90.000,90.000,-10.00
20.08.1995,100.000,100.000,100.000,100.000,-16.67
18.06.1995,120.000,120.000,120.000,120.000,20.00
11.06.1995,100.000,100.000,100.000,100.000,0.00
04.06.1995,100.000,100.000,100.000,100.000,0.00
28.05.1995,100.000,100.000,100.000,100.000,-25.93
21.05.1995,135.000,135.000,135.000,135.000,-12.90
14.05.1995,155.000,155.000,155.000,155.000,3.33
07.05.1995,150.000,150.000,150.000,150.000,7.14
30.04.1995,140.000,140.000,140.000,140.000,0.00
23.04.1995,140.000,140.000,140.000,140.000,-6.67
16.04.1995,150.000,150.000,150.000,150.000,-18.92
09.04.1995,185.000,185.000,185.000,185.000,0.00
02.04.1995,185.000,185.000,185.000,185.000,0.00
26.03.1995,185.000,185.000,185.000,185.000,0.00
19.03.1995,185.000,185.000,185.000,185.000,0.00